xml:id	count	correct_string
AdnrejGrahWhatmough	1	AndrejGrahWhatmough
AdnrejČernigoj	1	AndrejČernigoj
AdnrejŠircelj	1	AndrejŠircelj
AdolfVidenšek	1	AdolfVidenšek
AidanCerar	1	AidanCerar
AjaVrenjak	2	AjaVrenjak
AjdaCuderman	5	AjdaCuderman
AjdaErjavecBartolj	1	AjdaErjavecBartolj
AlajžKovačič	2	AljažKovačič
AlažKovačič	1	AljažKovačič
AlbertoScheriani	12	AlbertoScheriani
AlbertoSkerjane	1	AlbertoSkerjane
AlbinIgličar	1	AlbinIgličar
AlekValenčič	1	AlekValenčič
AleksJakulin	3	AleksJakulin
AleksandaraPivec	2	AleksandraPivec
AleksanderBratina	1	AleksanderBratina
AleksanderJeršič	1	AleksanderJeršič
AleksanderJevšek	3	AleksanderJevšek
AleksanderJus	1	AleksanderJus
AleksanderKoren	2	AleksanderKoren
AleksanderMervar	1	AleksanderMervar
AleksanderPevec	5	AleksanderPevec
AleksanderRajh	6	AleksanderRajh
AleksanderReberšek	144	AleksanderReberšek
AleksanderStepanović	2	AleksanderStepanović
AleksanderŽvokelj	1	AleksanderŽvokelj
AleksandraMarijanović	1	AleksandraMarijanović
AleksandraPivec	79	AleksandraPivec
AleksandraSpasojević	1	AleksandraSpasojević
AlenKofol	3	AlenKofol
AlenPečarič	1	AlenPečarič
AlenjaJeraj	2	AlenkaJeraj
AlenkaBrantušek	1	AlenkaBratušek
AlenkaBratušek	233	AlenkaBratušek
AlenkaBrautšek	1	AlenkaBratušek
AlenkaErmenc	17	AlenkaErmenc
AlenkaForte	65	AlenkaForte
AlenkaJeraj	361	AlenkaJeraj
AlenkaJerja	1	AlenkaJeraj
AlenkaKavčič	1	AlenkaKavčič
AlenkaKlemenčič	3	AlenkaKlemenčič
AlenkaKlepac	2	AlenkaKlepec
AlenkaKlepec	3	AlenkaKlepec
AlenkaKošorokHumar	2	AlenkaKošorokHumar
AlenkaKrečBricelj	1	AlenkaKrečBricelj
AlenkaPavlovec	2	AlenkaPavlovec
AlenkaPotočnik	3	AlenkaPotočnik
AlenkaRožajBrvar	1	AlenkaRožajBrvar
AlenkaSuhadolnik	2	AlenkaSuhadolnik
AlenkaTropSkaza	1	AlenkaTropSkaza
AlenkaŠverc	1	AlenkaŠverc
AlenkraBratušek	1	AlenkaBratušek
AlenksanderReberšek	1	AleksanderReberšek
AlenskanderReberšek	1	AleksanderReberšek
AlešBošnjak	1	AlešBošnjak
AlešBržan	2	AlešBržan
AlešBucik	4	AlešBucik
AlešButala	32	AlešButala
AlešButalo	1	AlešButala
AlešCantartutti	2	AlešCantarutti
AlešCantarutti	87	AlešCantarutti
AlešCanterutti	2	AlešCantarutti
AlešGolja	3	AlešGolja
AlešGorišek	4	AlešGorišek
AlešHam	1	AlešHam
AlešHojs	162	AlešHojs
AlešIrgolič	19	AlešIrgolič
AlešIrgulič	1	AlešIrgolič
AlešIvković	1	AlešIvković
AlešIvkovič	1	AlešIvković
AlešKaluža	1	AlešKaluža
AlešKolmanič	1	AlešKolmanič
AlešKovačič	1	AljažKovačič
AlešLipičnik	24	AlešLipičnik
AlešLovše	5	AlešLovše
AlešMaver	1	AlešMaver
AlešMihelič	67	AlešMihelič
AlešMišmaš	2	AlešMišmaš
AlešMlakar	2	AlešMlakar
AlešMrzel	3	AlešMrzel
AlešOjsteršek	1	AlešOjsteršek
AlešOjstršek	2	AlešOjsteršek
AlešPelan	1	AlešPelan
AlešPrijon	63	AlešPrijon
AlešRemih	3	AlešRemih
AlešRozman	7	AlešRozman
AlešSedmak	1	AlešSedmak
AlešVodopivec	1	AlešVodopivec
AlešVrhovec	2	AlešVrhovec
AlešZalar	1	AlešZalar
AlešaSovinc	2	AlešaSovinc
AlešŠabeder	65	AlešŠabeder
AlešŠebeder	1	AlešŠabeder
AljaLobnik	3	AljaLobnik
AljašKovačič	5	AljažKovačič
AljažKavčič	1	AljažKovačič
AljažKovačiič	1	AljažKovačič
AljažKovačič	477	AljažKovačič
AljažPestotnik	2	AljažPestotnik
AljažVrhovnik	1	AljažVrhovnik
AljošaCuravić	2	AljošaCuravić
AljošaPetek	1	AljošaPetek
AljošaČeč	1	AljošaČeč
AlmedinaSuljkanović	1	AlmedinaSuljkanović
AlojzGrabnar	1	AlojzGrabner
AlojzGrabner	1	AlojzGrabner
AlojzHojs	1	AlešHojs
AlojzIhan	6	AlojzIhan
AlojzKovšca	47	AlojzKovšca
AlojzKovščca	1	AlojzKovšca
AlojzKrapež	1	AlojzKrapež
AlojzPeterle	5	AlojzPeterle
AlojzSelišnik	1	AlojzSelišnik
AlojzSladič	6	AlojzSladič
AlojzStana	56	AlojzStana
AlojzVarga	1	AlojzVarga
AlojzijBoh	1	AlojzijBoh
AlojzijFerlinc	2	AlojzijFerlinc
AlojzŠteiner	1	AlojzŠteiner
AmirAlibabić	2	AmirAlibabić
AmirAlibabič	1	AmirAlibabić
AnaBoljka	5	AnaBoljka
AnaGregorič	3	AnaGregorič
AnaJaklič	1	AnaJaklič
AnaJereb	1	AnaJereb
AnaKandare	1	AnaKandare
AnaKroflič	2	AnaKroflič
AnaMarijaHren	1	AnamariaHren
AnaMedved	6	AnaMedved
AnaPorok	1	AnaPorok
AnaSavšek	1	AnaSavšek
AnaVodičar	2	AnaVodičar
AnamariaHren	3	AnamariaHren
AnamarijaMeglič	1	AnamarijaMeglič
AnamarijaRajk	1	AnamarijaRajk
AnamarijaValentinaMarolt	6	AnamarijaValentinaMarolt
AndarejČernigoj	1	AndrejČernigoj
AndejaZabret	4	AndrejaZabret
AndejŠircelj	1	AndrejŠircelj
AnderejŠušmelj	1	AndrejŠušmelj
AnderjČernigoj	2	AndrejČernigoj
AnderjŠušmelj	1	AndrejŠušmelj
AndnrejŠircelj	1	AndrejŠircelj
Andolšek	1	MatejAndolšek
AndražGrum	2	AndražGrum
AndražZgonc	1	AndražZgonc
AndreaKovač	6	AndreaKovač
AndrejBerginc	1	AndrejBerginc
AndrejBernarčič	2	AndrejBernarčič
AndrejBertoncelj	87	AndrejBertoncelj
AndrejBibič	2	AndrejBibič
AndrejBožič	13	AndrejBožič
AndrejBrezavšček	4	AndrejBrezavšček
AndrejBrtoncelj	1	AndrejBertoncelj
AndrejCvenk	1	AndrejCvenk
AndrejDočinski	1	AndrejDočinski
AndrejDrašler	1	AndrejDrašler
AndrejEror	1	AndrejEror
AndrejFerlinc	14	AndrejFerlinc
AndrejFink	2	AndrejFink
AndrejGernigoj	2	AndrejČernigoj
AndrejGnezda	9	AndrejGnezda
AndrejGosar	1	AndrejGosar
AndrejGrah	1	AndrejGrahWhatmough
AndrejGrahWhatmough	29	AndrejGrahWhatmough
AndrejGrahWhotmough	1	AndrejGrahWhatmough
AndrejHafner	6	AndrejHafner
AndrejHrausky	1	AndrejHrausky
AndrejHudoklin	2	AndrejHudoklin
AndrejKastelic	3	AndrejKastelic
AndrejKavčič	3	AndrejKavčič
AndrejKocbek	1	AndrejKocbek
AndrejKurent	1	AndrejaKurent
AndrejLogar	1	AndrejLogar
AndrejMatoz	2	AndrejMatoz
AndrejMedica	5	AndrejMedica
AndrejOperčkal	1	AndrejOperčkal
AndrejPezdir	1	AndrejPezdir
AndrejPirjevec	4	AndrejPirjevec
AndrejPlesičar	1	AndrejPlesničar
AndrejPlesničar	1	AndrejPlesničar
AndrejPoljšak	1	AndrejPoljšak
AndrejPrebil	2	AndrejPrebil
AndrejRahj	1	AndrejRajh
AndrejRajh	1095	AndrejRajh
AndrejRibič	2	AndrejRibič
AndrejRihtar	2	AndrejRihter
AndrejRihter	8	AndrejRihter
AndrejRobida	4	AndrejRobida
AndrejSevšek	3	AndrejSevšek
AndrejSimončič	6	AndrejSimončič
AndrejSitar	1	AndrejStritar
AndrejSmrekar	1	AndrejSmrekar
AndrejSotošek	1	AndrejSotošek
AndrejStritar	7	AndrejStritar
AndrejStuden	1	AndrejStuden
AndrejUršič	1	AndrejUršič
AndrejVizjak	60	AndrejVizjak
AndrejZabret	1	AndrejaZabret
AndrejZorko	11	AndrejZorko
AndrejaBizjak	7	AndrejaBizjak
AndrejaHribernik	3	AndrejaHribernik
AndrejaJerina	5	AndrejaJerina
AndrejaKandolf	1	AndrejaKandolf
AndrejaKatić	1	AndrejaKatič
AndrejaKatič	75	AndrejaKatič
AndrejaKokalj	1	AndrejaKokalj
AndrejaKovač	6	AndreaKovač
AndrejaKrtStopar	1	AndrejaKrtStopar
AndrejaKurent	65	AndrejaKurent
AndrejaKvas	1	AndrejaKvas
AndrejaLapanja	3	AndrejaLapanja
AndrejaOgriz	1	AndrejaOgriz
AndrejaPadar	1	AndrejaPaderJagodič
AndrejaPader	3	AndrejaPaderJagodič
AndrejaPaderJagodič	1	AndrejaPaderJagodič
AndrejaPotočnik	1	AndrejaPotočnik
AndrejaSlameršek	2	AndrejaSlameršek
AndrejaUštar	1	AndrejaUštar
AndrejaZabret	237	AndrejaZabret
AndrejaČufar	1	AndrejaČufer
AndrejaČufer	5	AndrejaČufer
AndrejČerngoj	1	AndrejČernigoj
AndrejČernigoj	450	AndrejČernigoj
AndrejČernigor	1	AndrejČernigoj
AndrejČuš	21	AndrejČuš
AndrejŠircelj	482	AndrejŠircelj
AndrejŠirecelj	1	AndrejŠircelj
AndrejŠter	2	AndrejŠter
AndrejŠtritof	1	AndrejŠtritof
AndrejŠušmelj	12	AndrejŠušmelj
AndrianaSukova	3	AndrianaSukova
AnejPodgorelec	1	AnejPodgorelec
AnemarijaPlanšak	1	AnemarijaPlanšak
AnerejRibič	1	AndrejRibič
AngelikaMlinar	33	AngelikaMlinar
AngelineTrajkovski	1	AngelinaTrajkovski
AnicaHribar	1	AnicaHribar
AnicaUžmah	1	AnicaUžmah
AnitGoršek	2	AnitaGoršek
AnitaGoršek	17	AnitaGoršek
AnitaOgulin	5	AnitaOgulin
AnjaAhčin	2	AnjaAhčin
AnjaBahŽibert	2694	AnjaBahŽibert
AnjaBahŽiberta	1	AnjaBahŽibert
AnjaBahŽibet	2	AnjaBahŽibert
AnjaBahŽibrt	1	AnjaBahŽibert
AnjaFortuna	1	AnjaFortuna
AnjaGolob	2	AnjaGolob
AnjaKopač	3	AnjaKopač
AnjaKopačMrak	2	AnjaKopačMrak
AnjaLobnik	1	AljaLobnik
AnjaSkele	1	AnjaSkele
AnjaZorko	1	AnjaZorko
AnkaOražem	4	AnkaOražem
AnkaTominšek	1	AnkaTominšek
AnrejRajh	3	AndrejRajh
AnrejŠircelj	1	AndrejŠircelj
AntonHare	1	AntonHarej
AntonHarej	14	AntonHarej
AntonJagodic	6	AntonJagodic
AntonKokalj	2	AntonKokalj
AntonLuznar	2	AntonLuznar
AntonMeden	5	AntonMeden
AntonMedved	3	AntonMedved
AntonNiculescu	4	AntonNiculescu
AntonOlaj	29	AntonOlaj
AntonRamšak	1	AntonRamšak
AntonTravner	3	AntonTravner
AntonVozelj	1	AntonVozelj
AntonZakrajšek	1	AntonZakrajšek
AntonZavodnik	2	AntonZavodnik
AntonijaBožičCerar	1	AntonijaBožičCerar
AntonijaCerar	2	AntonijaCerar
AntonioRocco	3	AntonioRocco
AntonČesen	1	AntonČesen
AnuškaPodvršič	1	AnuškaPodvršič
AnžeLogar	1177	AnžeLogar
AnžeVohBoštic	1	AnžeVohBoštic
ApolonijaSimon	2	PolonijaSimon
AstaVrečko	1	AstaVrečko
AtašaSukič	1	NatašaSukič
AvguštinMalle	1	AvguštinMalle
B0štjanKoražija	1	BoštjanKoražija
BarabaraGerečnik	1	BarbaraGerečnik
BarbaraAntolićVupora	1	BarbaraAntolićVupora
BarbaraGerečnik	15	BarbaraGerečnik
BarbaraJenkoleŽigante	1	BarbaraJenkoleŽigante
BarbaraKobalTomc	9	BarbaraKobalTomc
BarbaraKoželjPodlogar	1	BarbaraKoželjPodlogar
BarbaraKranjc	1	BarbaraKranjc
BarbaraKrivic	1	BarbaraKrivic
BarbaraKürnerČad	7	BarbaraKürnerČad
BarbaraLipovšek	6	BarbaraLipovšek
BarbaraLončar	1	BarbaraLončar
BarbaraNerat	14	BarbaraNerat
BarbaraNovak	3	BarbaraNovak
BarbaraPeternelj	2	BarbaraPeternelj
BarbaraPregelj	1	BarbaraPregelj
BarbaraRajgelj	2	BarbaraRajgelj
BarbaraRiman	11	BarbaraRiman
BarbaraSkubic	1	BarbaraSkubic
BarbaraSušnik	3	BarbaraSušnik
BarbaraToplakPerovič	2	BarbaraToplakPerovič
BarbaraĐerfi	3	BarbaraĐerfi
BarbaraŠkrabaFlis	2	BarbaraŠkrabaFlis
BarbaraŠtrukelj	3	BarbaraŠtrukelj
BenjaminGorišek	1	BenjaminGorišek
Bernard	2	unknown-M
BernardSadovnik	5	BernardSadovnik
BernhardHauer	4	BernhardHauer
BertoMenard	1	BertoMenard
BevkSamo	1	BevkSamo
Bećiri	1	FatmirBećiri
BiserkaIlin	2	BiserkaIlin
BiserkaMarolgMeden	1	BiserkaMaroltMeden
BiserkaMaroltMedem	1	BiserkaMaroltMeden
BiserkaMaroltMeden	8	BiserkaMaroltMeden
BlažCvar	1	BlažCvar
BlažGrmšek	2	BlažGrmšek
BlažHeij	4	BlažHeij
BlažKovač	7	BlažKovač
BlažKovačičMlinar	2	BlažKovačičMlinar
BlažKošorog	3	BlažKošorok
BlažKošorok	73	BlažKošorok
BlažMrevlje	2	BlažMrevlje
BlažPaulič	2	BlažPavlin
BlažPavlin	1271	BlažPavlin
BlažPerko	5	BlažPerko
BlažPlazar	1	BlažPlazar
BlažZavršnik	1	BlažZavršnik
Bogataj	1	unknown-F
BogdanLipovšek	3	BogdanLipovšek
BogdanProdan	1	BogdanProdan
BogdanVnučec	1	BogomirVnučec
BogdanŠtepec	2	BogdanŠtepec
BogomilVnučec	1	BogomirVnučec
BogomirVnučec	89	BogomirVnučec
BogomorVnučec	1	BogomirVnučec
BojanBodkrajšek	1	BojanPodkrajšek
BojanBorovnik	2	BojanBorovnik
BojanDejak	1	BojanDejak
BojanDoblekar	1	BojanDoblekar
BojanGantar	1	BojanGantar
BojanHajnak	1	BojanHajnak
BojanIvanc	1	BojanIvanc
BojanKekec	66	BojanKekec
BojanKontič	1	BojanKontič
BojanKumer	66	BojanKumer
BojanKurež	6	BojanKumer
BojanMajcen	7	BojanMajcen
BojanMuršič	1	BojanaMuršič
BojanOblak	4	BojanOblak
BojanPahor	5	BojanPahor
BojanPodgrajšek	1	BojanPodkrajšek
BojanPodkrajšek	1945	BojanPodkrajšek
BojanPodkrajšekk	2	BojanPodkrajšek
BojanPodkrajškek	1	BojanPodkrajšek
BojanPodrajšek	1	BojanPodkrajšek
BojanPograjc	2	BojanPograjc
BojanPokrajšek	1	BojanPodkrajšek
BojanPopovič	1	BojanPopovič
BojanPočivalšek	4	BojanPočivalšek
BojanPožar	1	BojanPožar
BojanRežon	1	BojanRežun
BojanRežun	19	BojanRežun
BojanRošer	2	BojanRošer
BojanSkomina	1	BojanSkomina
BojanSuvorov	29	BojanSuvorov
BojanVerbič	3	BojanVerbič
BojanVeselinovič	22	BojanVeselinovič
BojanZalar	2	BojanZalar
BojanaBeović	4	BojanaBeović
BojanaMuršić	1	BojanaMuršič
BojanaMuršič	274	BojanaMuršič
BojanaPodkrajšek	1	BojanPodkrajšek
BojanaPotočan	45	BojanaPotočan
BojanaPotočar	1	BojanaPotočan
BojanŠvigelj	2	BojanŠvigelj
BojanŽlender	3	BojanŽlender
BojanŽvikart	1	BojanŽvikart
BojkoJerman	1	BojkoJerman
BorisDoblekar	402	BorisDoblekar
BorisDoblkear	2	BorisDoblekar
BorisDular	4	BorisDular
BorisGrigić	4	BorisGrigić
BorisIvčič	2	BorisIvčič
BorisJesih	1	BorisJesih
BorisKavur	2	BorisKavur
BorisKoprivnikar	7	BorisKoprivnikar
BorisKosec	3	BorisKosec
BorisMatič	2	BorisMatič
BorisMedica	1	BorisMedica
BorisMihalj	3	BorisMihalj
BorisMunišič	2	BorisMunišič
BorisNovak	12	BorisNovak
BorisOrešek	5	BorisOrešek
BorisPleskovič	7	BorisPleskovič
BorisPleškovič	1	BorisPleskovič
BorisSovič	1	BorisSovič
BorisTomažič	1	BorisTomašič
BorisŠinigoj	1	BorisŠinigoj
BorisŠtefanec	14	BorisŠtefanec
BoroŠtrumbelj	1	BoroŠtrumbelj
BorutCugelj	1	BorutCugelj
BorutFlorjančič	4	BorutFlorjančič
BorutHorvat	2	BorutHorvat
BorutMahnič	3	BorutMahnič
BorutMeh	1	BorutMeh
BorutPeterlin	2	BorutPeterlin
BorutRojc	1	BorutRojc
BorutRončević	6	BorutRončević
BorutSever	7	BorutSever
BorutSmrdel	32	BorutSmrdel
BorutŠantej	2	BorutŠantej
BorutŠtrukelj	1	BorutŠtrukelj
BoštjanBovič	1	BoštjanBovič
BoštjanHorvat	1	BoštjanHorvat
BoštjanJambrovič	6	BoštjanJambrovič
BoštjanKersnič	1	BoštjanKersnič
BoštjanKocmur	3	BoštjanKocmur
BoštjanKoražija	436	BoštjanKoražija
BoštjanKoritnik	76	BoštjanKoritnik
BoštjanKos	1	BoštjanKosec
BoštjanKozole	1	BoštjanKozole
BoštjanLindav	3	BoštjanLindav
BoštjanMočnik	2	BoštjanMočnik
BoštjanNoč	9	BoštjanNoč
BoštjanPetelinc	1	BoštjanPetelinc
BoštjanPoklukar	148	BoštjanPoklukar
BoštjanRigler	6	BoštjanRigler
BoštjanUdovič	4	BoštjanUdovič
BoštjanVasle	22	BoštjanVasle
BoštjanZalar	1	BoštjanZalar
BoštjanŠefic	3	BoštjanŠefic
BožidarCasar	1	BožidarCasar
BožidarPeteh	1	BožidarPeteh
BožidarRadišič	6	BožidarRadišič
BožidarRustja	2	BožidarRustja
BožoPredalič	66	BožoPredalič
BrakoGrims	1	BrankoGrims
BrakoSimonovič	1	BrankoSimonovič
BralžPavlin	2	BlažPavlin
BraneBut	5	BraneBut
BraneDobnikar	2	BraneDobnikar
BraneGolubović	77	BraneGolubović
BraneGoluboviću	1	BraneGolubović
BraneGolubovič	4	BraneGolubović
BraneGrad	2	BraneGrad
BraneKumer	1	BrankoKumer
BranimirRajić	3	BranimirRajić
BranimirŠtrukelj	51	BranimirŠtrukelj
BranimirŠtukelj	1	BranimirŠtrukelj
BranisalvRajić	1	BranislavRajić
BranislaRajić	1	BranislavRajić
BranislavRajić	1478	BranislavRajić
BranislavRajič	7	BranislavRajić
BrankaGlojnarič	11	BrankaGlojnarič
BrankaKalenićRamšak	2	BrankaKalenićRamšak
BrankaKaliničRamšak	1	BrankaKalenićRamšak
BrankaKnafelc	2	BrankaKnafelc
BrankaKrištof	2	BrankaKrištof
BrankaVidetič	2	BrankaVidetič
BrankicaPetković	2	BrankicaPetković
BrankoAndrejašič	1	BrankoAndrejašič
BrankoBregar	4	BrankoBregar
BrankoBrims	1	BrankoGrims
BrankoGornjec	1	BrankoGornjec
BrankoGrimms	1	BrankoGrims
BrankoGrims	2452	BrankoGrims
BrankoGrimsu	1	BrankoGrims
BrankoGris	1	BrankoGrims
BrankoJezovšek	1	BrankoJezovšek
BrankoKrištof	1	BrankaKrištof
BrankoKumer	1	BrankoKumer
BrankoLobnik	1	BrankoLobnikar
BrankoLobnikar	1	BrankoLobnikar
BrankoMeh	9	BrankoMeh
BrankoPetovar	1	BrankoPetovar
BrankoRajić	12	BrankoRajić
BrankoRavnik	24	BrankoRavnik
BrankoRavnikar	2	BrankoRavnik
BrankoSečnikar	2	BrankoSečnikar
BrankoSimnovič	1	BrankoSimonovič
BrankoSimonović	6	BrankoSimonovič
BrankoSimonovič	100	BrankoSimonovič
BrankoStarović	1	BrankoStarović
BrankoTomažič	18	BrankoTomažič
BrankoVidič	1	BrankoVidič
BrankoZakotnik	5	BrankoZakotnik
BrankoZavršan	1	BrankoZavršan
BrankoZorman	1	BrankoZorman
BrankoŠumenjak	8	BrankoŠumenjak
BransilavRajić	2	BranislavRajić
BraslavBrajić	1	BranislavRajić
BredaBožnik	55	BredaBožnik
BredaHrovatin	1	BredaHrovatin
BredaKrašna	9	BredaKrašna
BredaKutin	5	BredaKutin
BredaČinčJuhant	1	BredaČinčJuhant
BredaČrnčec	2	BredaČrnčec
BrglezMilan	1	MilanBrglez
BrigitaJamnik	1	BrigitaJamnik
BrigitaKosi	2	BrigitaKosi
BrigitaSkelaSavič	4	BrigitaSkelaSavič
BrigitaZupančič	2	BrigitaZupančič
BrinaSotenšek	1	BrinaSotenšek
BronkaStraus	4	BronkaStraus
BrunoDujič	2	BrunoDujič
BrunoGabršek	1	BrunoGabršek
BrunoKomac	1	BrunoKomac
Bučar	1	NatašaBučar
CarloCampanile	4	CarloCampanile
CarmenRajer	1	CarmenRajer
CeneGrčar	1	CeneGrčar
CirilBašković	1	CirilBaškovič
CirilBaškovič	5	CirilBaškovič
CirilRibičič	4	CirilRibičič
CvetkoZupančič	10	CvetoZupančič
CvetoUršič	116	CvetoUršič
CvetoZupančič	10	CvetkoZupančič
DamijanFlorjančič	19	DamijanFlorjančič
DamijanJagodic	1	DamijanJagodic
DamijanJaklin	10	DamijanJaklin
DamijanUranker	1	DamijanUranker
DamijanaMlakar	1	DamjanaMlakar
DamijanŠtefanc	6	DamijanŠtefanc
DamirDomjan	8	DamirDomjan
DamirFelak	1	DamirFelak
DamirOrehovec	72	DamirOrehovec
DamjanBelič	2	DamjanBelič
DamjanBergant	2	DamjanBergant
DamjanBradač	2	DamjanBradač
DamjanDamjanovič	2	DamjanDamjanovič
DamjanFlorjančič	1	DamijanFlorjančič
DamjanHorvat	5	DamjanHorvat
DamjanJaklin	2	DamijanJaklin
DamjanMedved	1	DamjanMedved
DamjanOmerzu	1	DamjanOmerzu
DamjanOražem	5	DamjanOražem
DamjanOsredkar	1	DamjanOsredkar
DamjanPrelovšek	1	DamjanPrelovšek
DamjanStanonik	15	DamjanStanonik
DamjanTopolko	1	DamjanTopolko
DamjanTušar	2	DamjanTušar
DamjanUrankar	1	DamijanUranker
DamjanVolf	2	DamjanVolf
DamjanaAjd	1	DamjanaAjd
DamjanaIglič	1	DamjanaIglič
DamjanaMlakar	11	DamjanaMlakar
DamjanaŠarčević	1	DamjanaŠarčević
DamjanŠkrk	2	DamjanŠkrk
DaneKastelic	13	DaneKastelic
DanielAvdagič	1	DanielAvdagič
DanielJug	2	DanielJug
DanielaDimić	3	DanielaDimić
DanielaDimič	1	DanielaDimić
DanijelHočevar	3	DanijelHočevar
DanijelKastelic	32	DanijelKastelic
DanijelKrivec	107	DanijelKrivec
DanijelKrivic	1	DanijelKrivec
DanijelLamperger	1	DanijelLamperger
DanijelLorbek	3	DanijelLorbek
DanijelVrbnjak	1	DanijelVrbnjak
DanijelaMakovecRadovan	2	DanijelaMakovecRadovan
DanijelaMrharPrelić	5	DanijelaMrharPrelić
DanijelŽibret	2	DanijelŽibret
DaniloAntonRanc	2	DaniloAntonRanc
DaniloDolenc	1	DaniloDolenc
DaniloKacijan	1	DaniloKacijan
DaniloMeolic	1	DaniloMeolic
DaniloRošker	1	DaniloRošker
DaniloTomšič	5	DaniloTomšič
DarijKarajčič	11	DarijKrajčič
DarijKarjčič	3	DarijKrajčič
DarijKrajiči	1	DarijKrajčič
DarijKrajčič	870	DarijKrajčič
DarjaDerganc	1	DarjaDerganc
DarjaFigel	2	DarjaFigel
DarjaGroznik	1	DarjaGroznik
DarjaKocjan	12	DarjaKocjan
DarjaKuzmaničKorva	6	DarjaKuzmaničKorva
DarjaMajkovič	1	DarjaMajkovič
DarjaMatjašec	2	DarjaMatjašec
DarjaOgrič	1	DarjaOgrič
DarjaPotočnikBenčič	3	DarjaPotočnikBenčič
DarjaŠlibar	12	DarjaŠlibar
DarjoFelda	1	DarjoFelda
DarkoBut	11	DarkoBut
DarkoKovačič	4	DarkoKovačič
DarkoMuženič	4	DarkoMuženič
DarkoRudaš	5	DarkoRudaš
DarkoRudež	2	DarkoRudaš
DarkoStare	13	DarkoStare
DarkoTrajanov	6	DarkoTrajanov
DarkoZevnik	1	DarkoZevnik
DarkoZupan	1	DarkoZupanc
DarkoZupanc	1	DarkoZupanc
DavidBrozina	16	DavidBrozina
DavidKlarič	8	DavidKlarič
DavidLapornik	1	DavidLapornik
DavidNeubauer	2	DavidNeubauer
DavidPolutnik	2	DavidPolutnik
DavidRunco	1	DavidRunco
DavidŠkabar	1	DavidŠkabar
DavidŠvarc	1	DavidŠvarc
DavorPeršič	1	DavorPeršič
DavorinKračun	59	DavorinKračun
DavorinPočivašek	1	DavorinPočivašek
DavorinTerčon	2	DavorinTerčon
DejanCrnek	7	DejanCrnek
DejanHaloh	1	DejanKaloh
DejanJefim	3	DejanJefim
DejanJelovac	1	DejanJelovac
DejanJurkovič	7	DejanJurkovič
DejanKaisersberger	1	DejanKaisersberger
DejanKaloh	259	DejanKaloh
DejanKing	1	DejanKink
DejanKink	1	DejanKink
DejanMatijevič	2	DejanMatijevič
DejanOgrinec	2	DejanOgrinec
DejanPrebil	1	DejanPrebil
DejanPrešiček	9	DejanPrešiček
DejanSrnek	1	DejanCrnek
DejanValentinčič	17	DejanValentinčič
DejanŠiško	2	DušanŠiško
DejanŽidan	783	DejanŽidan
DenisMiklavčič	3	DenisMiklavčič
DenisSahernik	8	DenisSahernik
DenisŽitnik	1	DenisŽitnik
DianaKos	9	DijanaKos
DijanaKos	5	DijanaKos
DimicIva	1	DimicIva
DimitrijPur	2	DimitrijPur
DimitrijZadel	1	DimitrijZadel
DinoBavk	1	DinoBavk
DobranBožič	149	DobranBožič
DoloresKores	1	DoloresKores
Dolčič	1	ToneDolčič
DomenBogdan	2	DomenBogdan
DomenSavič	6	DomenSavič
DominikMrvar	5	DominikMrvar
DominikaŠvarcPipan	38	DominikaŠvarcPipan
DoricaPetrič	1	DoricaPetrič
DorijanKrajčič	1	DorijanKrajčič
DorotejaNovakGosarič	1	DorotejaNovakGosarič
DrAnžeLogar	1	AnžeLogar
DragaGelt	2	DragaGelt
DraganMatić	1	DraganMatić
DraganPetrovec	9	DraganPetrovec
DraganPetroveč	1	DraganPetrovec
DraganaŽunić	3	DraganaŽunić
DragicaIskrenovič	1	DragicaIskrenovič
DragicaKekec	2	DragicaKekec
DragoBabič	2	DragoBabič
DragoBokal	3	DragoBokal
DragoKoprčina	1	DragoKoprčina
DragoVogrinčič	1	DragoVogrinčič
DragomirMikelić	1	DragomirMikelić
DragoŠketa	33	DragoŠketa
DrancTrček	1	FrancTrček
DraženLevojević	1	DraženLevojević
DržavniSekretar	1	DamirOrehovec
DušaHladeZore	1	DušaHladeZore
DušanBrejc	3	DušanBrejc
DušanDovč	1	DušanDovč
DušanJošar	1	DušanJošar
DušanKeber	10	DušanKeber
DušanKumer	1	DušanKumer
DušanMerc	2	DušanMerc
DušanMes	2	DušanMes
DušanMikuš	2	DušanMikuž
DušanMikuž	9	DušanMikuž
DušanNolimal	1	DušanNolimal
DušanOrban	1	DušanOrban
DušanPlut	2	DušanPlut
DušanSterle	16	DušanSterle
DušanStrnad	13	DušanStrnad
DušanVebrič	1	DušanVerbič
DušanVerbič	333	DušanVerbič
DušanVučko	12	DušanVučko
DušanZore	2	DušanZore
DušanZorko	6	DušanZorko
DušanZupančič	1	DušanZupančič
DušanŠiško	452	DušanŠiško
DuškaGodina	37	DuškaGodina
DuškoSmajek	4	DuškoSmajek
DuškoSmajh	3	DuškoSmajek
EdoOblak	2	EdoOblak
EdvadPaulič	1	EdvardPaulič
EdvarPaulič	4	EdvardPaulič
EdvardClug	1	EdwardClug
EdvardPaulič	1855	EdvardPaulič
EdvardPaušič	1	EdvardPaulič
EdvardPavlič	40	EdvardPaulič
EdvardPlaulič	2	EdvardPaulič
EdvardPulič	5	EdvardPaulič
EdvardaPaulič	2	EdvardPaulič
EdvartPaulič	3	EdvardPaulič
EdwardClug	3	EdwardClug
EgonRebec	1	EgonRebec
ElenaPečarič	13	ElenaPečarič
ElenaUšajZavadlav	3	ElenaZavadlavUšaj
ElenaZavadlavUšaj	56	ElenaZavadlavUšaj
ElenaZavedlavUšaj	2	ElenaZavadlavUšaj
EmaAjster	2	EmaAjster
EmaLavrič	2	EmaLavrič
EmilErjavec	2	EmilErjavec
EmilKos	2	EmilKos
EmilRojc	4	EmilRojc
EmilZakonjšek	8	EmilZakonjšek
EmilZakonšek	5	EmilZakonjšek
EmilijaPlacerTušar	1	EmilijaPlacerTušar
EnaKobentar	1	EnaKobentar
EndreMesaroš	3	EndreMesaroš
EnosKugler	1	EnosKugler
ErikHofbauer	2	ErikHofbauer
ErikKerševan	34	ErikKerševan
ErikPagon	4	ErikPagon
ErikaOblak	1	ErikaOblak
ErikaPajntar	1	ErikaPajntar
ErikaPerić	1	ErikaPerić
ErnestPetrič	5	ErnestPetrič
EvaDimic	1	IvaDimic
EvaIgrl	29	EvaIrgl
EvaIrg	1	EvaIrgl
EvaIrga	1	EvaIrgl
EvaIrgl	2995	EvaIrgl
EvaMatjaž	1	EvaMatjaž
EvaMermolja	1	EvaMermolja
EvaPodlogar	1	EvaPodlogar
EvaRorman	2	EvaRorman
EvardPaulič	1	EdvardPaulič
EvaŠravsPodlogar	1	EvaŠtravsPodlogar
EvaŠtrausPodlogar	11	EvaŠtravsPodlogar
EvaŠtravs	6	EvaŠtravsPodlogar
EvaŠtravsPodlogar	39	EvaŠtravsPodlogar
EvaŠtrovsPodlogar	1	EvaŠtravsPodlogar
EvelinPristavecTratar	4	EvelinPristavecTratar
EvelinVesenjak	2	EvelinVesenjak
EvgenGovekar	1	EvgenGovekar
EvitaLeskovšek	1	EvitaLeskovšek
FatmirBećiri	3	FatmirBećiri
FatmirBečiri	3	FatmirBećiri
FedjaPobegajlo	3	FedjaPobegajlo
FeliceŽiča	2	FeliceŽiža
FeliceŽiža	47	FeliceŽiža
FeliksViser	1	FeliksViser
FerencHorvat	3	FerencHorváth
FerencHorvath	11	FerencHorváth
FerencHorvát	1	FerencHorváth
FerencHorváth	170	FerencHorváth
FerencHorvŕth	1	FerencHorváth
FerencHováth	3	FerencHorváth
FlorenceFerrari	4	FlorenceFerrari
FlorijanPoljšak	1	FlorijanPoljšak
FraciTrček	1	FrancTrček
FranBreznik	1	FrancBreznik
FranJurša	1	FrancJurša
FrancBogovič	3	FrancBogovič
FrancBrezink	1	FrancBreznik
FrancBreznik	1294	FrancBreznik
FrancHermanŠimnovec	2	FrancHermanŠimnovec
FrancHorvat	2	FrancHorvat
FrancJurša	100	FrancJurša
FrancKangler	129	FrancKangler
FrancKepa	1	FranciKepa
FrancKlangler	1	FrancKangler
FrancKramar	87	FrancKramar
FrancKučan	1	FrancKüčan
FrancKüčan	1	FrancKüčan
FrancPbreznik	2	FrancBreznik
FrancPukšič	2	FrancPukšič
FrancRadman	3	FrancRadman
FrancRančigaj	2	FrancRančigaj
FrancRosec	86	FrancRosec
FrancStanonik	5	FrancStanonik
FrancTasič	3	FrancTasič
FrancTeček	1	FrancTrček
FrancTreček	11	FrancTrček
FrancTrkeč	2	FrancTrček
FrancTrček	1994	FrancTrček
FrancVindišar	57	FrancVindišar
FrancZabukošek	2	FrancZabukošek
FrancZalar	1	FrancZalar
FranciBreznik	3	FrancBreznik
FranciBut	1	FranciBut
FranciDemšar	4	FranciDemšar
FranciKepa	157	FranciKepa
FranciKlužer	2	FranciKlužer
FranciMagister	1	FranciMagister
FranciPetek	4	FranciPetek
FranciRokavec	6	FranciRokavec
FranciRosec	2	FrancRosec
FranciZalar	1	FranciZlatar
FranciZlatar	2	FranciZlatar
FranckaPremzel	1	FranckaPremzel
FrancČuš	1	FrancČuš
FranjaKerševanSmokvina	2	TanjaKerševanSmokvina
FrančišekVerk	4	FrančišekVerk
FrančiškaAl-mansour	1	FrančiškaAl-Mansour
FrančiškaĆetković	1	FrančiškaĆetković
FrncBreznik	3	FrancBreznik
FrranciPetek	1	FranciPetek
GabrielHribar	1	GabrielHribar
GabrijelHribar	1	GabrielHribar
GabrijelŠkof	15	GabrijelŠkof
GajaŠtovičej	4	GajaŠtovičej
GašperAndrinek	1	GašperAndrinek
GašperDolžan	2	GašperDovžan
GašperDovšan	1	GašperDovžan
GašperDovžan	66	GašperDovžan
GašperHrastelj	1	GašperHrastelj
GašperKemperle	4	GašperKemperle
GašperMarc	2	GašperMarc
GašperUršič	2	GašperUršič
GašperŽbogar	1	GašperŽbogar
GergorPerič	9	GregorPerič
Gomilšak	1	Gomilšak
GoranForbici	4	GoranForbici
GoranKodelja	1	GoranKodelja
GoranLukić	18	GoranLukić
GoranLukič	3	GoranLukić
GoranNovković	5	GoranNovković
GoranStranče	3	GoranStranče
GoranTurk	2	GoranTurk
GorazdHumar	1	GorazdHumar
GorazdJenko	1	GorazdJenko
GorazdKovačič	2	GorazdKovačič
GorazdPodbevšek	3	GorazdPodbevšek
GorazdPožlep	1	GorazdPožlep
GorazdRenčelj	22	GorazdRenčelj
GorazdTrpin	4	GorazdTrpin
GorazdČibej	18	GorazdČibej
GorazdČibelj	1	GorazdČibej
GordanaDrimel	3	GordanaDrimel
GregaMalec	9	GregaMalec
GregaStrban	4	GregaStrban
GregoorPerič	1	GregorPerič
GregorAnderluh	1	GregorAnderluh
GregorBezenšek	3	GregorBezenšek
GregorFicko	2	GregorFicko
GregorGajšek	1	GregorGajšek
GregorJagodič	1	GregorJagodič
GregorJurak	1	GregorJurak
GregorKos	6	GregorKos
GregorKošir	2	GregorKošir
GregorMacedoni	3	GregorMacedoni
GregorMajdič	1	GregorMajdič
GregorMajdiš	2	GregorMajdič
GregorMarkelj	6	GregorMarkelj
GregorMeterc	3	GregorMeterc
GregorPerič	885	GregorPerič
GregorPetrič	4	GregorPerič
GregorPečan	3	GregorPečan
GregorPust	1	GregorPust
GregorRepovž	2	GregorRepovž
GregorSluga	1	GregorSluga
GregorStarc	2	GregorStarc
GregorStrban	2	GregaStrban
GregorStrmčnik	1	GregorStrmčnik
GregorStrojin	61	GregorStrojin
GregorStrojina	1	GregorStrojin
GregorŽidan	30	GregorŽidan
GreogorPerič	1	GregorPerič
GvidoNovak	4	GvidoNovak
HanaKošan	1	HanaKošan
HanaKošar	1	HanaKošan
HanziFilipič	1	HanziFilipič
HarijFurlan	6	HarijFurlan
HelenaJaklitsch	17	HelenaJaklitsch
HelenaKavčič	1	HelenaKavčič
HelenaMole	1	HelenaMole
HelenaRus	37	HelenaRus
HelenaValas	2	HelenaValas
HelenaZver	7	HelenaZver
HermanPušnik	1	HermanPušnik
HinkoŠolinc	2	HinkoŠolinc
HorvatJožef	2	JožefHorvat
HožefHorvat	1	JožefHorvat
Humar	1	GorazdHumar
IgnacijVoje	1	IgnacijVoje
IgnacijaFridelJarc	1	IgnacijaFridlJarc
IgnacijaFridl	1	IgnacijaFridlJarc
IgnacijaFridlJarc	108	IgnacijaFridlJarc
IgnacijiFridlJarc	1	IgnacijaFridlJarc
IgnacijoFridlJarc	1	IgnacijaFridlJarc
IgorAntauer	38	IgorAntauer
IgorCesarec	2	IgorCesarec
IgorDovnik	3	IgorDovnik
IgorEršte	10	IgorEršte
IgorGabrovec	4	IgorGabrovec
IgorHrovatič	6	IgorHrovatič
IgorJukič	2	IgorJukič
IgorKadunc	34	IgorKadunc
IgorKastelic	2	IgorKastelic
IgorKnez	2	IgorKnez
IgorLakota	3	IgorLakota
IgorLamberger	1	IgorLamberger
IgorLukšič	1	IgorJukič
IgorMali	3	IgorMally
IgorMally	26	IgorMally
IgorMarentič	3	IgorMarentič
IgorMilavc	2	IgorMilavec
IgorMilavec	1	IgorMilavec
IgorMuzlovič	3	IgorMuzlovič
IgorMuževič	1	IgorMuževič
IgorNered	1	IgorNered
IgorPapič	1	IgorPapič
IgorPerič	9	IgorPerič
IgorPetek	1	IgorPetek
IgorPeček	2447	IgorPeček
IgorPirkovič	10	IgorPirkovič
IgorPušnik	3	IgorPušnik
IgorSelan	2	IgorSelan
IgorSep	1	IgorSep
IgorSimšič	1	IgorSimšič
IgorSirc	10	IgorSirc
IgorVelov	11	IgorVelov
IgorZorčič	836	IgorZorčič
IgorČizmek	1	IgorČizmek
IgorŠirc	1	IgorSirc
IgorŠoltes	4	IgorŠoltes
IgorŠpanjol	1	IgorŠpanjol
IgorŠvab	3	IgorŠvab
IgroPeček	1	IgorPeček
ImbreBalogh	2	ImreBalogh
ImreBalogh	9	ImreBalogh
InanHršak	1	IvanHršak
IngaRemeta	6	IngaRemeta
IngeRemeta	2	IngaRemeta
IngridCelestina	1	IngridCelestina
IrenaBide	1	IrenaVide
IrenaDrmaž	8	IrenaDrmaž
IrenaIlešičČujovič	12	IrenaIlešičČujovič
IrenaJakličValenti	5	IrenaJakličValenti
IrenaJoveva	2	IrenaJoveva
IrenaKuntaričHribar	1	IrenaKuntaričHribar
IrenaKuzma	1	IrenaKuzma
IrenaLesar	1	IrenaLesar
IrenaMajcen	10	IrenaMajcen
IrenaMarš	6	IrenaMarš
IrenaMomić	9	IrenaMomić
IrenaNunčič	2	IrenaNunčič
IrenaOblak	1	IrenaOblak
IrenaOstrouška	1	IrenaOstrouška
IrenaVide	1	IrenaVide
IrenaVidic	1	IrenaVidic
Iris	1	IrisJelačinKnavs
IrisFinkGrubačević	1	IrisFinkGrubačević
IrisJelačinKnavs	1	IrisJelačinKnavs
IrmaButina	3	IrmaButina
IvaDimc	1	IvaDimic
IvaDimic	2010	IvaDimic
IvanCeglar	3	IvanCeglar
IvanEržen	1	IvanEržen
IvanGale	3	IvanGale
IvanHršak	977	IvanHršak
IvanKrajnc	3	IvanKrajnc
IvanKršak	3	IvanHršak
IvanMeh	11	IvanMeh
IvanMolan	2	IvanMolan
IvanOven	1	IvanOven
IvanRadulović	2	IvanRadulović
IvanRadulovič	1	IvanRadulović
IvanRadulovć	1	IvanRadulović
IvanSimič	3	IvanSimič
IvanušaJani	2	IvanušaJani
IvanŠelih	10	IvanŠelih
IvanŽagar	2	IvanŽagar
IvoVajgl	1	IvoVajgl
IzidorOstanOžbolt	1	IzidorOstanOžbolt
IztokAltbauer	1	IztokAltbauer
IztokBricl	1	IztokBricl
IztokHumar	6	IztokHumar
IztokIlc	2	IztokIlc
IztokJamšek	1	IztokJamšek
IztokKordiš	2	IztokKordiš
IztokMori	2	IztokMori
IztokPeroša	1	IztokPeroša
IztokProdan	1	IztokProdan
IztokPurič	31	IztokPurič
IztokSlavič	2	IztokSlavič
IztokSuhadolnik	5	IztokSuhadolnik
IztokŠori	1	IztokŠori
JadranKlinc	1	JadranKlinc
JadrankaBoturovićPonikvar	1	JadrankaButurovićPonikvar
JadrankaButurovićPonikvar	6	JadrankaButurovićPonikvar
JadrankaGrmek	1	JadrankaGrmek
JadrankaJuras	4	JadrankaJuras
JadrankoGrlić	23	JadrankoGrlić
JakaBizjak	11	JakaBizjak
JakaMatičič	2	JakaMatičič
JakaTrilar	3	JakaTrilar
JakaVogrinčičBizjak	1	JakaVogrinčičBizjak
JakaŠilak	2	JakaŠilak
JakobPočivalšek	3	JakobPočivavšek
JakobPočivavšek	9	JakobPočivavšek
JanPeloza	1	JanPeloza
JanZobec	3	JanZobec
JanaAhčin	8	JanaAhčin
JanaBedrač	2	JanaBedrač
JanaBoltaSaje	2	JanaBoltaSaje
JanaKolar	1	JanaKolar
JanaLošin	1	JanaLošin
JanaTurk	1	JanaTurk
JanaŽakelj	9	JanezŽakelj
JanezBeja	15	JanezBeja
JanezCiglerKralj	66	JanezCiglerKralj
JanezDamjan	1	JanezDamjan
JanezDolgar	1	JanezDoltar
JanezDoltar	1	JanezDoltar
JanezErjavec	2	JanezErjavec
JanezHorvat	1	JanezHorvat
JanezHribar	1	JanezHribar
JanezIvanJanša	1	JanezJanša
JanezJanša	11	JanezJanša
JanezJazbec	4	JanezJazbec
JanezKrek	2	JanezKrek
JanezKromar	2	JanezKromar
JanezKušar	1	JanezKušar
JanezLenarčič	14	JanezLenarčič
JanezLogar	11	JanezLogar
JanezMadžar	1	JanezMagyar
JanezMagyar	1	JanezMagyar
JanezMalačič	1	JanezMalačič
JanezMohorič	1	JanezMohorič
JanezMoškrič	90	JanezMoškrič
JanezMoščkrič	1	JanezMoškrič
JanezPodržaj	1	JanezPodržaj
JanezPogorelec	3	JanezPogorelec
JanezPoklukar	50	JanezPoklukar
JanezPortir	1	JanezPortir
JanezPosedi	21	JanezPosedi
JanezRakar	1	JanezRakar
JanezSnoj	1	JanezSnoj
JanezSodržnik	2	JanezSodržnik
JanezStarman	1	JanezStarman
JanezStušek	11	JanezStušek
JanezSušnik	1	JanezSušnik
JanezUrbanc	3	JanezUrbanc
JanezŽakelj	22	JanezŽakelj
JanezŽlak	13	JanezŽlak
JaniIvanuš	1	JaniIvanuša
JaniIvanuša	281	JaniIvanuša
JaniJankoMöderndorfer	1	JaniJankoMöderndorfer
JaniMödderndorfer	1	JaniJankoMöderndorfer
JaniMöderdorfer	1	JaniJankoMöderndorfer
JaniMöderendorfer	1	JaniJankoMöderndorfer
JaniMöderndofer	5	JaniJankoMöderndorfer
JaniMöderndorfer	824	JaniJankoMöderndorfer
JaniMőderndorfer	3	JaniJankoMöderndorfer
JaniPrednik	97	JaniPrednik
JaniPrednnik	1	JaniPrednik
Janimöderndorfer	3	JaniJankoMöderndorfer
JanjaBogataj	7	JanjaBogataj
JanjaGarbasHočevar	2	JanjaGarvasHočevar
JanjaGarvasHočevar	49	JanjaGarvasHočevar
JanjaGavrasHočevr	1	JanjaGarvasHočevar
JanjaHeferle	1	JanjaHeferle
JanjaPerme	1	JanjaPerme
JanjaPlevnik	2	JanjaPlevnik
JanjaSluga	532	JanjaSluga
JanjaSosič	10	JanjaSosič
JanjaTuršič	4	JanjaTuršič
JanjaVrečičPerhavec	2	JanjaVrečičPerhavec
JanjaZalar	1	JanjaZalar
JankoCafuta	2	JankoCafuta
JankoKramžar	1	JankoKramžar
JankoMarinko	2	JankoMarinko
JankoMöderndorfer	2	JaniMöderndorfer
JankoPlesec	3	JankoPlesec
JankoRozman	4	JankoRozman
JankoRožič	1	JankoRožič
JankoStojkovič	1	JankoStojkovič
JankoUrbanc	1	JanezUrbanc
JanošKern	12	JanošKern
JanušKern	1	JanošKern
JanŠkern	1	JanŠkern
JanŠkoberne	5	JanŠkoberne
JasminaKlopčič	1	JasminaKlopčič
JasminaRakitaCencelj	3	JasminaRakitaCencelj
JasnaGabrič	2	JasnaGabrič
JasnaMurgel	1	JasnaMurgel
JasnaČukRupnik	3	JasnaČukRupnik
JasnaŠegan	1	JasnaŠegan
JašaJenull	2	JašaJenull
JašaVrabec	3	JašaVrabec
JelenaAleksić	4	JelenaAleksić
JelenaKljajić	3	JelenaKljajić
JelinčičPlemeniti	2	ZmagoJelinčičPlemeniti
JelkaGodec	146	JelkaGodec
JelkaPirkovič	5	JelkaPirkovič
JelkaZorn	1	JelkaZorn
JelkoKacin	4	JelkoKacin
JercaKorče	160	JercaKorče
JerenejŠtromajer	1	JernejŠtromajer
JericaLipec	1	JericaLipec
JernejBenedik	1	JernejBenedik
JernejDolinšek	2	JernejDolinšek
JernejDrofenik	2	JernejDrofenik
JernejMüller	1	JernejMűller
JernejMűller	1	JernejMüller
JernejPikalo	31	JernejPikalo
JernejRedek	3	JernejRedek
JernejSalecl	1	JernejSalecl
JernejTašnerVatovec	1	MatejTašnerVatovec
JernejTovornik	1	JernejTovornik
JernejVrovec	2	JernejVrtovec
JernejVrtovec	356	JernejVrtovec
JernejaBergoč	1	JernejaBergoč
JernejaFarkašLainščak	14	JernejaFarkašLainščak
JernejaFarkašLainšček	1	JernejaFarkašLainščak
JernejaJugJerše	7	JernejaJugJerše
JernejaMaček	1	JernejaMaček
JernejaMolan	1	JernejaMolan
JernejČokl	2	JernejČokl
JernejŠtromajer	58	JernejŠtromajer
JernejŠček	1	JernejŠček
JernerVrtovec	4	JernejVrtovec
JernerŠtromajer	1	JernejŠtromajer
JorgHodalič	2	JorgHodalič
JorgKristijanPetrovič	2	JorgKristijanPetrovič
JosipLukenda	11	JosipLukenda
JosipMihalic	1	JosipMihalic
JosipMihalić	1	JosipMihalic
JoštJakša	2	JoštJakša
JoštŽagar	1	JoštŽagar
JožaHabernik	1	JožeHabernik
JožeBaškovič	2	JožeBaškovič
JožeBlajs	1	JožeBlajs
JožeBogataj	4	JožeBogataj
JožeDrofenik	2	JožefDrofenik
JožeDuhovnik	4	JožeDuhovnik
JožeGolobič	2	JožeGolobič
JožeHabernik	2	JožeHabernik
JožeHobič	2	JožeHobič
JožeHorvat	4	JožefHorvat
JožeHribar	3	JožeHribar
JožeJaklin	3	JožeJaklin
JožeJerič	1	JožeJerič
JožeKonec	2	JožeKonec
JožeKozina	3	JožeKozina
JožeLenar	2	JožeLenart
JožeLenart	701	JožeLenart
JožeMermal	5	JožeMermal
JožeMoškrič	1	JožeMoškrič
JožePodgorše	1	JožePodgoršek
JožePodgoršek	139	JožePodgoršek
JožePodržaj	7	JožePodržaj
JožePogoršek	2	JožePodgoršek
JožePosedi	1	JožePosedi
JožeRamovš	3	JožeRamovš
JožeRovan	1	JožeRovan
JožeSambt	1	JožeSambt
JožeSenica	1	JožeSenica
JožeSmole	2	JožeSmole
JožeSmrdel	6	JožeSmrdel
JožeSodja	1	JožeSodja
JožeTaler	1	JožeTaler
JožeTank	1	JožeTanko
JožeTanka	1	JožeTanko
JožeTanko	263	JožeTanko
JožeTurnšek	1	JožeTurnšek
JožefDrofenik	7	JožefDrofenik
JožefFicko	4	JožefFicko
JožefHorva	1	JožefHorvat
JožefHorvat	648	JožefHorvat
JožefHorvatSandreli	3	JožefHorvatSandreli
JožefHrovat	1	JožefHorvat
JožefLenart	157	JožeLenart
JožefPeterČesnik	2	JožefPeterČesnik
JožekHorvat-Muc	2	JožefHorvatSandreli
JožekHorvat-muc	8	JožefHorvatSandreli
JožekHorvatMuc	2	JožefHorvatSandreli
JožicaMaučecZakotnik	6	JožicaMaučecZakotnik
JpžefHorvat	1	JožefHorvat
JuditVidaTornar	1	JuditVidaTörnar
JuerFerjan	1	JureFerjan
JulijanFortunat	3	JulijanFortunat
JulijanČavdek	3	JulijanČavdek
JureAnžin	1	JureAnžin
JureDermastja	1	JureDermastja
JureFerjan	79	JureFerjan
JureGašparič	11	JureGašparič
JureGašperič	1	JureGašparič
JureKostanjšek	2	JureKostanjšek
JureLeben	31	JureLeben
JureLeskovec	2	JureLeskovec
JureMarkič	1	JureMarkič
JurePogačnik	15	JurePogačnik
JurePonikvar	2	JurePonikvar
JureVeteršek	1	JureVeteršek
JureVršnak	1	JureVršnak
JurijFurst	1	JurijFürst
JurijFürst	1	JurijFürst
JurijGroznik	13	JurijGroznik
JurijKrpan	1	JurijKrpan
JurijLep	190	JurijLep
JurijToplak	3	JurijToplak
JurijŽitek	1	JurijŽitko
JurijŽitko	6	JurijŽitko
JózsefGyörkös	8	JózsefGyörkös
JózsefVégi	1	JózsefVégi
KajaLipnikVehovar	1	KajaLipnikVehovar
KajaŠirok	1	KajaŠirok
KalaUrh	2	KarlaUrh
KarelErjavec	1	KarlViktorErjavec
KarelLipič	23	KarelLipič
KarelViktorErjavec	1	KarlViktorErjavec
KarinaDitz	1	KarinaDitz
KarlErjavec	9	KarlErjavec
KarlLipič	1	KarelLipič
KarlViktorEjravec	1	KarlViktorErjavec
KarlViktorErjavec	40	KarlViktorErjavec
KarlaPintar	1	KarlaPintar
KarlaUrh	189	KarlaUrh
KarmenFurman	253	KarmenFurman
KarmenKozmusFerjan	3	KarmenKozmusFerjan
KarmenLebeGrajf	3	KarmenLebeGrajf
KarmenNovak	1	KarmenNovak
KarmenRenčelj	1	KarmenRenčelj
KarmenStariha	4	KarmenStariha
KatarinaBervarSternad	7	KatarinaBervarSternad
KatarinaBervarStrgar	1	KatarinaBervarSternad
KatarinaBervarStrnad	2	KatarinaBervarSternad
KatarinaKralj	51	KatarinaKralj
KatarinaMohar	1	KatarinaMohar
KatarinaPrebil	2	KatarinaPrebil
KatarinaŠteblaj	2	KatarinaŠteblaj
KatinModic	1	KatrinModic
KatjaBožič	2	KatjaBožič
KatjaBuda	1	KatjaBuda
KatjaDolšak	1	KatjaDovžak
KatjaDolžak	1	KatjaDovžak
KatjaHuš	6	KatjaHuš
KatjaJerman	1	KatjaJerman
KatjaLautar	11	KatjaLautar
KatjaLauter	1	KatjaLautar
KatjaLavtar	4	KatjaLautar
KatjaLeitinger	3	KatjaLeitinger
KatjaPepelnak	1	KatjaPepelnak
KatjaPodbevšek	1	KatjaPodbevšek
KatjaPoglajenRučigaj	3	KatjaPoglajenRučigaj
KatjaRiharBajuk	12	KatjaRiharBajuk
KatjaStušek	1	KatjaStušek
KatjaTrilerVrtovec	17	KatjaTrillerVrtovec
KatjaTriller	1	KatjaTrillerVrtovec
KatjaTrillerVrtovec	36	KatjaTrillerVrtovec
KatjaZabukovecKerim	1	KatjaZabukovecKerin
KatjaZabukovecKerin	2	KatjaZabukovecKerin
KatjaČič	4	KatjaČič
KatjušaPopović	1	KatjušaPopović
KatjušaPopovič	1	KatjušaPopović
KatrinModic	1	KatrinModic
KepaFranc	1	KepaFranc
KhalidAli	1	KhalidAli
KimKomljanec	1	KimKomljanec
KlaraMihaldinec	1	KlaraMihaldinec
KlaraSkubicErmenc	1	KlaraSkubicErmenc
KlavdijaKobalStraus	2	KlavdijaKobalStraus
KlavdijaKobalŠtaus	1	KlavdijaKobalStraus
KlavdijaPoropat	3	KlavdijaPoropat
KlavdijaŠtimec	2	KlavdijaŠtimec
KlemenBoštjančič	2	KlemenBoštjančič
KlemenDvornik	8	KlemenDvornik
KlemenGrošelj	39	KlemenGrošelj
KlemenJaklič	2	KlemenJaklič
KlemenKošir	1	KlemenKošir
KlemenMarkeš	8	KlemenMarkeš
KlemenMiklavič	1	KlemenMiklavič
KlemenPeran	6	KlemenPeran
KlemenPotisek	2	KlemenPotisek
KlemenŠuligoj	1	KlemenŠuligoj
KonradKuštrin	1	KonradKuštrin
KordišMiha	3	KordišMiha
KornelijaMarzel	6	KornelijaMarzel
KornelijaMrzel	1	KornelijaMarzel
KozmaAhačič	2	KozmaAhačič
KralaUrh	2	KarlaUrh
KrešimirŽagar	2	KrešimirŽagar
KristijanBriški	2	KristijanBriški
KristijanLovrak	1	KristijanLovrak
KristijanMlekuš	2	KristjanMlekuš
KristijanMusekLešnik	2	KristijanMusekLešnik
KristinaKotnikŠumah	5	KristinaKotnikŠumah
KristinaModic	2	KristinaModic
KristinaŠteblaj	106	KristinaŠteblaj
KristjanMagdič	1	KristjanMagdič
KristjanMlekuš	6	KristjanMlekuš
KristjanVerbič	8	KristjanVerbič
KritinaŠteblaj	1	KristinaŠteblaj
KrištofMlakar	2	KrištofMlakar
KrmenFurman	1	KarmenFurman
KrunoslavJakupčić	1	KrunoslavJakupčić
KrunoslavPavlović	4	KrunoslavPavlović
KsenijaDobila	1	KsenijaDobrila
KsenijaDobrila	15	KsenijaDobrila
KsenijaKampfer	1	KsenijaKlampfer
KsenijaKlampfer	102	KsenijaKlampfer
KsenijaTušek-Bunc	2	KsenijaTušek-Bunc
LadiRožič	2	LadiRožič
LadislavKošiček	2	LadislavKošiček
LadislavRožič	2	VladislavRožič
LadoBradač	29	LadoBradač
LadoBradč	1	LadoBradač
LaraSavnik	1	LaraSavnik
LarisaEvaRamovš	1	LarisaEvaRamovš
LarsPodkrajšek	1	LarsPodkrajšek
LeaKnez	1	LeaKnez
LeaMarijaColaričJakše	1	Lea-MarijaColarič-Jakše
LenartJože	4	LenartJože
LenčaArkoFabjan	64	LenčaArkoFabjan
LenčarArkoFabjan	1	LenčaArkoFabjan
LeoKnez	3	LeoKnez
LeoKremžar	1	LeoKremžar
LeonBehin	31	LeonBehin
LeonCizelj	2	LeonCizelj
LeonKegel	2	LeonKegel
LeonKegelj	6	LeonKegel
LeonMarjasec	1	LeonMerjasec
LeonMerjasec	10	LeonMerjasec
LeonZemljič	2	LeonZemljič
LeonidaZalokar	1	LeonidaZalokar
LidiaGlavina	13	LidiaGlavina
LidijaDivjakMirink	1	LidijaDivjakMirnik
LidijaDivjakMirni	5	LidijaDivjakMirnik
LidijaDivjakMirnik	364	LidijaDivjakMirnik
LidijaDivjakMirnk	2	LidijaDivjakMirnik
LidijaDivkajMirnik	1	LidijaDivjakMirnik
LidijaIvanuša	20	LidijaIvanuša
LidijaJerkič	9	LidijaJerkič
LidijaKozlovič	1	LidijaKozlovič
LidijaMirnikDivjak	3	LidijaDivjakMirnik
LidijaPezdirRistič	2	LidijaPezdirRistič
LidijaStebernak	2	LidijaStebernak
LidijaŽivčič	2	LidijaŽivčič
LidijaŽižek	3	LidijaŽižek
LiliMahne	3	LiliMahne
LiliSteblovnik	1	LiliSteblovnik
LilijanaBukovič	2	LiljanaBukovič
LilijanaKodrič	1	LilijanaKodrič
LilijanaKozlovič	39	LilijanaKozlovič
LilijanaMadjar	1	LilijanaMadjar
LilijanaMadžar	2	LiljanaMadjar
LiljanaBukovič	2	LilijanaBukovič
LiljanaKozlovič	5	LilijanaKozlovič
LiljanaMadjar	2	LilijanaMadžar
LjiljanaHerga	5	LjiljanaHerga
LjiljanaKodrič	1	LilijanaKodrič
LjuboGermič	1	LjuboGermič
LjubomirKolarek	1	LjubomirKolarek
LjuboŽnidar	79	LjuboŽnidar
LjudmilaNovak	390	LjudmilaNovak
LojzePeterle	1	LojzePeterle
LojzeWieser	3	LojzeWieser
LojzeČerne	1	LojzeČerne
LucijaRemec	1	LucijaRemec
LucijaČok	1	LucijaČok
LuisaPaisLowe	2	LuisaPaisLowe
LukaJuvančič	5	LukaJuvančič
LukaKocina	9	LukaKocina
LukaMesec	704	LukaMesec
LukaMesecd	1	LukaMesec
LukaNabergoj	2	LukaNabergoj
LukaŠolmajer	1	LukaŠolmajer
LučkaBöhm	3	LučkaBöhm
LučkaKajfežBogataj	3	LučkaKajfežBogataj
MagAndrejRajh	1	AndrejRajh
MagBrankoGrims	4	BrankoGrims
MagDušanVerbič	1	DušanVerbič
MagalenkaBratušek	1	AlenkaBratušek
MagdalenaUrbančič	2	MagdalenaUrbančič
MagisterAndrejRajh	2	AndrejRajh
MairaHot	1	MeiraHot
MajaArzenšek	1	MajaArzenšek
MajaBaharPidović	2	MajaBaharPidović
MajaBednaš	2	MajaBednaš
MajaBilbija	10	MajaBilbija
MajaBriški	3	MajaBriški
MajaDrobničRadobuljac	3	MajaDrobničRadobuljac
MajaGostič	2	MajaGostič
MajaHostnikKališek	75	MajaHostnikKališek
MajaKalin	3	MajaKalin
MajaKlančnikGruden	1	MajaKlančnikGruden
MajaKocjan	12	MajaKocjan
MajaKoritnik	2	MajaKoritnik
MajaKostevc	1	MajaKostevc
MajaKranjc	1	MajaKranjc
MajaKrumberger	5	MajaKrumberger
MajaLombardo	4	MajaLombardo
MajaMonrue	2	MajaMonrue
MajaPlaz	1	MajaPlaz
MajaPlazar	1	MajaPlaz
MajaPoharPerme	3	MajaPoharPerme
MajaRemškar	3	MajaRemškar
MajaRigač	2	MajaRigač
MajaRozman	8	MajaRozman
MajaSočan	4	MajaSočan
MajdaMarolt	1	MajdaMarolt
MajoHostnihKališek	1	MajaHostnikKališek
MakoBandelli	1	MarkoBandelli
ManfredBergmann	3	ManfredBergmann
ManuelJug	4	ManuelJug
ManuelVesel	10	ManuelVesel
MaraCotič	2	MaraCotič
MargaretaGučekZakošek	1	MargaretaGučekZakošek
MarianaPoznič	2	MarianaPoznič
MaricaUršičZupan	2	MaricaUršičZupan
MarijaAnderluh	4	MarijaAnderluh
MarijaBačič	3	MarijaBačič
MarijaFabčič	2	MarijaFabčič
MarijaKavkler	1	MarijaKavkler
MarijaLah	12	MarijaLah
MarijaMagajne	22	MarijaMagajne
MarijaMarkeš	2	MarijaMarkeš
MarijaSoje	1	MarijaSoje
MarijanPapež	24	MarijanPapež
MarijanPojbič	185	MarijanPojbič
MarijanSuša	1	MarijanSuša
MarijanaBednaš	15	MarijanaBednaš
MarijanaKormanšekJagarinec	1	MarijanaKormanšekJagarinec
MarijanaPetir	8	MarijanaPetir
MarijancaAjšaVižintin	2	MarijancaAjšaVižintin
MarijaČebularZajc	1	MarijaČebularZajc
MarijaŠpenč	1	MarijaŠpenč
MarikeGrubar	1	MarikeGrubar
MarinaDobraš	2	MarinaDobraš
MarinaLukšičHacin	2	MarinaLukšičHacin
MarinaTavčarKrajnc	2	MarinaTavčarKrajnc
MarinaTavčarKranjc	1	MarinaTavčarKrajnc
MarinkaKonečnikKunst	3	MarinkaKonečnikKunst
Marinko	1	VesnaMarinko
MarioBenkoč	1	MarioBenkoč
MarioFakonja	1	MarioFekonja
MarioFekonja	9	MarioFekonja
MarioSteffe	1	MarioSteffe
MaričaLah	1	MaričaLah
MarjanDikaučič	14	MarjanDikaučič
MarjanDolinšek	8	MarjanDolinšek
MarjanGazvoda	1	MarjanGazvoda
MarjanHren	2	MarjanHren
MarjanHudorovič	3	MarjanHudorovič
MarjanKardinar	2	MarjanKardinar
MarjanKolarič	2	MarjanKolarič
MarjanMaučec	22	MarjanMaučec
MarjanMeglič	3	MarjanMeglič
MarjanOdar	19	MarjanOdar
MarjanOder	1	MarjanOdar
MarjanPapež	9	MarijanPapež
MarjanPintar	9	MarjanPintar
MarjanPodgoršek	6	MarjanPodgoršek
MarjanPojbič	15	MarijanPojbič
MarjanSedej	2	MarjanSedej
MarjanSušelj	26	MarjanSušelj
MarjanaBednaš	7	MarijanaBednaš
MarjanaLutman	1	MarjanaLutman
MarjanaMajerič	1	MarjanaMajerič
MarjanaPantarMalec	2	MarjanaPantarMalec
MarjancaSimsič	1	MarjancaSimsič
MarjanŠturm	2	MarjanŠturm
MarjažHan	1	MatjažHan
MarjetaBenčina	2	MarjetaBenčina
MarjetaPintar	1	MarjetaPintar
MarjetaPreželj	1	MarjetaPreželj
MarjetaRecek	1	MarjetaRecek
MarjetaTrček	2	MarjetaTrček
MarjetaŠvabŠirok	6	MarjetaŠvabŠirok
MarjetkaKulovec	2	MarjetkaKulovec
MarjianPojbič	1	MarijanPojbič
MarkBorisAndrijanič	17	MarkBorisAndrijanič
MarkkuVirri	6	MarkkuVirri
MarkoBalažic	4	MarkoBalažic
MarkoBandelli	661	MarkoBandelli
MarkoBandellli	1	MarkoBandelli
MarkoBanelli	1	MarkoBandelli
MarkoBrezigar	1	MarkoBrezigar
MarkoBreznik	1	MarkoBreznik
MarkoBucik	1	MarkoBucik
MarkoDrešček	2	MarkoDrešček
MarkoDrofenik	1	MarkoDrofenik
MarkoGasser	2	MarkoGasser
MarkoGrizek	1	MarkoGrizek
MarkoGrobelnik	1	MarkoGrobelnik
MarkoGuček	1	MarkoGuček
MarkoHauptfeld	1	MarkoHauptfeld
MarkoHočevar	1	MarkoHočevar
MarkoJenko	8	MarkoJenko
MarkoJenšterle	1	MarkoJenšterle
MarkoJuhant	2	MarkoJuhant
MarkoKopric	1	MarkoKoprivc
MarkoKoprivc	390	MarkoKoprivc
MarkoKoprivec	15	MarkoKoprivc
MarkoKorpivc	2	MarkoKoprivc
MarkoKorprivc	1	MarkoKoprivc
MarkoKošir	2	MarkoKošir
MarkoKranjc	2	MarkoKranjc
MarkoLemaić	5	MarkoLemaić
MarkoLenarčič	1	MarkoLenarčič
MarkoLovec	1	MarkoLovec
MarkoMandelli	1	MarkoBandelli
MarkoMaver	49	MarkoMaver
MarkoMilosavljević	1	MarkoMilosavljević
MarkoNaberšnik	1	MarkoNaberšnik
MarkoNovak	1	MarkoNovak
MarkoNoč	5	MarkoNoč
MarkoOman	1	MarkoOman
MarkoOraže	9	MarkoOraže
MarkoPerdih	1	MarkoPerdih
MarkoPoganik	2	MarkoPogačnik
MarkoPogačar	1	MarkoPogačnik
MarkoPogačni	2	MarkoPogačnik
MarkoPogačnik	1487	MarkoPogačnik
MarkoPogačnk	2	MarkoPogačnik
MarkoPogčanik	1	MarkoPogačnik
MarkoPotočnik	2	MarkoPogačnik
MarkoPrimožič	1	MarkoPrimožič
MarkoPukšič	1	MarkoPukšič
MarkoRupar	2	MarkoRupar
MarkoSlavič	1	MarkoSlavič
MarkoZaman	4	MarkoZaman
MarkoZidanšek	6	MarkoZidanšek
MarkoŠtrovs	1	MarkoŠtrovs
MartaCiraj	2	MartaCiraj
MartaGrgičVitek	1	MartaGrgičVitek
MartaMihelin	7	MartaMihelin
MartaSvoljšak	4	MartaSvoljšakJerman
MartinBrus	2	MartinBrus
MartinDušič	4	MartinDušič
MartinJazbec	3	MartinJazbec
MartinLeskovar	1	MartinLeskovar
MartinLisjak	2	MartinLissiach
MartinLissiach	5	MartinLissiach
MartinMožina	1	MartinMožina
MartinNahtigal	1	MartinNahtigal
MartinPremk	3	MartinPremk
MartinRopoš	1	MartinRopoš
MartinSmodiš	4	MartinSmodiš
MartinaGračner	2	MartinaGračner
MartinaVuk	48	MartinaVuk
MarušaBabnik	1	MarušaBabnik
MarušaZmrzljak	1	MarušaZmrzljak
MarušaZorec	3	MarušaZorec
MatalijaKovačJereb	1	NatalijaKovačJereb
MatašaSukič	1	NatašaSukič
MatejAndolšek	13	MatejAndolšek
MatejAvbelj	3	MatejAvbelj
MatejBeltram	7	MatejBeltram
MatejBlenkoš	2	MatejBlenkuš
MatejBlenkuš	2	MatejBlenkuš
MatejGojčič	1	MatejGojčič
MatejHajdinjak	6	MatejHajdinjak
MatejKlemenčič	1	MatejKlemenčič
MatejKnaus	2	MatejKnaus
MatejKošir	1	MatejKošir
MatejKranjc	4	MatejKranjc
MatejMakarovič	1	MatejMakarovič
MatejMarn	25	MatejMarn
MatejOgrin	1	MatejOgrin
MatejPirc	45	MatejPirc
MatejRupret	7	MatejRupret
MatejSkočir	1	MatejSkočir
MatejStopar	1	MatejStopar
MatejT.Vatovec	68	MatejTašnerVatovec
MatejTašnerVarovec	1	MatejTašnerVatovec
MatejTašnerVartovec	1	MatejTašnerVatovec
MatejTašnerVatovec	448	MatejTašnerVatovec
MatejTonin	172	MatejTonin
MatejTorkar	19	MatejTorkar
MatejUrek	4	MatejUrek
MatejValenšek	1	MatejValenšek
MatejZagorc	1	MatejZagorc
MatejaBošnjak	2	MatejaBošnjak
MatejaDeReja	3	MatejaDeReya
MatejaDeReya	1	MatejaDeReya
MatejaJandl	1	MatejaJandl
MatejaJanša	1	MatejaJanša
MatejaJašna	3	MatejaJanša
MatejaKončinaPeternel	1	MatejaKončinaPeternel
MatejaKričej	6	MatejaKričej
MatejaLekanŠtrukelj	2	MatejaLekan-Štrukelj
MatejaLopuh	3	MatejaLopuh
MatejaMahkovec	1	MatejaMahkovec
MatejaRibič	90	MatejaRibič
MatejaRihter	1	MatejaRihter
MatejaSatler	1	MatejaSatler
MatejaToman	7	MatejaToman
MatejaTovornik	1	MatejaTovornik
MatejaUdovič	2	MatejaUdovč
MatejaUdovč	556	MatejaUdovč
MatejaUdvoč	1	MatejaUdovč
MatejaUrbančič	1	MatejaUrbančičJelovšek
MatejaUrbančičJelovšek	1	MatejaUrbančičJelovšek
MatejaVraničErman	1	MatejaVraničarErman
MatejaVraničarErman	20	MatejaVraničarErman
MatejŽnuderl	5	MatejŽnuderl
MatevžLuzer	1	MatevžLazer
MatevžVrhovnik	2	MatevžVrhovnik
MatevžČelik	1	MatevžČelikVidmar
MaticKramberger	2	MaticKramberger
MaticZupan	38	MaticZupan
MatijaCentrih	1	MatijaCentrih
MatijaCevc	1	MatijaCevc
MatijaDermota	1	MatijaDrmota
MatijaDrmota	1	MatijaDrmota
MatijaHorvat	1	MatijaHorvat
MatijaKnapič	1	MatijaKnapič
MatijaPolajnar	1	MatijaPolajnar
MatijaPolajner	1	MatijaPolajnar
MatijaSirko	1	MatijaSirko
MatijaStepišnik	2	MatijaStepišnik
MatijaVidmar	2	MatijaVidmar
MatijaVimpolšek	1	MatijaVimpolšek
MatijaČakš	3	MatijaČakš
MatijaŠturm	2	MatijaŠturm
MatjanPapež	1	MarijanPapež
MatjažDolšek	1	MatjažDolšek
MatjažGams	4	MatjažGams
MatjažGrkman	2	MatjažGrkman
MatjažGuček	3	MatjažGuček
MatjažHan	504	MatjažHan
MatjažHomšak	1	MatjažHomšak
MatjažJerkič	1	MatjažJerkič
MatjažJuhart	2	MatjažJuhart
MatjažKovačič	1	MatjažKovačič
MatjažLičar	1	MatjažLičar
MatjažMikoš	2	MatjažMikoš
MatjažMohorko	1	MatjažMohorko
MatjažMrhar	1	MatjažMrhar
MatjažNemec	1347	MatjažNemec
MatjažPodmiljšak	4	MatjažPodmiljšak
MatjažPodmilšek	1	MatjažPodmiljšak
MatjažRakovec	2	MatjažRakovec
MatjažSušnik	1	MatjažSušnik
MatjažValenčič	1	MatjažValenčič
MatjažVehovec	1	MatjažVehovec
MatjažVeselko	3	MatjažVeselko
MatjažVodušek	3	MatjažVodušek
MatjažVogrin	1	MatjažVogrin
MatjažVrčko	10	MatjažVrčko
MatjažŠifkovič	1	MatjažŠifkovič
MatjažŠvagan	2	MatjažŠvagan
MatoGostiša	3	MatoGostiša
MatodDragonja	1	MetodDragonja
MaurizioTremul	10	MaurizioTremul
MašaCvetežar	1	MašaCvetežar
MašaKociper	697	MašaKociper
MašaKosiper	2	MašaKociper
MašaŽagar	3	MašaŽagar
MašaŽager	1	MašaŽagar
MedotDragonja	1	MetodDragonja
MeirHot	1	MeiraHot
MeiraHot	274	MeiraHot
MejraHot	1	MeiraHot
MelitaZorec	1	MelitaZorec
MelitaŠinkovec	65	MelitaŠinkovec
MensijaKurtović	4	MensijaKurtović
MeraHot	1	MeiraHot
MesecLuka	1	LukaMesec
MetkaGorišek	32	MetkaGorišek
MetkaKorže	1	MetkaKorže
MetkaLogar	1	MetkaLogar
MetkaNaglič	2	MetkaNaglič
MetkaPetekUhan	2	MetkaPetekUhan
MetkaZorc	2	MetkaZorc
MetkaZorec	1	MetkaZorec
MetkaŠoštarič	1	MetkaŠošterič
MetkaŠošterič	2	MetkaŠošterič
MetodDragonja	151	MetodDragonja
MetodGrah	1	MetodGrah
MetodKrajnc	1	MetodKrajnc
MetodPevec	3	MetodPevec
MetodaDodičFikfak	1	MetodaDodičFikfak
MetodaHorvatPirnat	4	MetodaHrovatPirnat
MetodaHrovatPirnat	48	MetodaHrovatPirnat
MiaHočevar	1	MiaHočevar
MichaelBibaritsch	2	MichaelBibaritsch
MihaBenet	6	MihaBenet
MihaBlažič	6	MihaBlažič
MihaDežman	2	MihaDežman
MihaGodnič	1	MihaGodnič
MihaHorvat	1	MihaHorvat
MihaHumar	2	MihaHumar
MihaJazbinšek	1	MihaJazbinšek
MihaKoprivnikar	3	MihaKoprivnikar
MihaKordiš	1559	MihaKordiš
MihaKovač	1	MihaKovač
MihaKovačič	4	MihaKovačič
MihaLobnik	25	MihaLobnik
MihaLovšin	1	MihaLovše
MihaMarenče	2	MihaMarenče
MihaPaternoster	1	MihaPaternoster
MihaPolnar	1	MihaPolnar
MihaPrevc	1	MihaelPrevc
MihaSkubic	1	MihaSkubic
MihaStegel	4	MihaStegel
MihaVerčko	9	MihaVerčko
MihaZupančič	4	MihaZupančič
MihaelCigler	1	MihaelCigler
MihaelMarkoč	1	MihaelMarkoč
MihaelPrevc	56	MihaelPrevc
MihaelaLovše	2	MihaelaLovše
MihaČernec	1	MihaČernec
MihaŠkerbinc	36	MihaŠkerbinc
MihaŽupančič	2	MihaZupančič
MihraKordiš	1	MihaKordiš
MijaLapornik	1	MijaLapornik
MikaKordiš	2	MihaKordiš
MilanBrglez	318	MilanBrglez
MilanBufon	1	MilanBufon
MilanKrek	13	MilanKrek
MilanOzimič	11	MilanOzimič
MilanRepič	2	MilanRepič
MilanUnuk	2	MilanUnuk
MilanZver	5	MilanZver
MilanČadež	2	MilanČadež
MilenaHorvat	1	MilenaHorvat
MilenaIvanušGrmek	1	MilenaIvanuš-Grmek
MilenaKovač	2	MilenaKovač
MilenaKrnecHorvat	3	MilenaKrnecHorvat
MilenaVöröš	3	MilenaVöröš
MilenkoStanković	1	MilenkoStanković
MilevaŠtrukelj	1	MilevaŠtukelj
MilevaŠtukelj	6	MilevaŠtukelj
MilojkaKolarCelarc	1	MilojkaKolarCelarc
MilojkaKurtjak	1	MilojkaKurtjak
MilošBizjak	52	MilošBizjak
MilošKosec	2	MilošKosec
MilošRadić	4	MilošRadić
MilošSenčur	1	MilošSenčur
MilošČas	6	MilošČas
MilošŠenčur	1	MilošSenčur
MilčekKomelj	2	MilčekKomelj
MimaSuhadolc	2	MimaSuhadolc
MincaBenedejčič	5	MincaBenedejčič
MinikaGregorčič	1	MonikaGregorčič
Minister	1	PeterJožefČesnik
MiodragĐorđević	5	MiodragĐorđević
MiraPalhartinger	15	MiroslavaPalhartinger
MiranAčko	1	MiranAčko
MiranBrvar	2	MiranBrvar
MiranCandellari	1	MiranCandellari
MiranGajšek	3	MiranGajšek
MiranGolub	1	MiranGolub
MiranKimovec	1	MiranKimovec
MiranKorošak	1	MiranKorošak
MiranLakota	1	MiranLakota
MiranLesjak	1	MiranLesjak
MiranMihelič	11	MiranMihelič
MiranRepič	1	MilanRepič
MiranStanko	2	MiranStanko
MiranZajšek	1	MiranGajšek
MiranZupanič	2	MiranZupanič
MirandaGroffFerjančič	2	MirandaGroffFerjančič
MirjamBizjakVelikonja	2	MirjamBizjakVelikonja
MirjamKline	5	MirjamKline
MirjanHren	1	MirjanHren
MirjanaKline	1	MirjamKline
MirjanaMagyarLovrić	2	MirjanaMagyarLovrić
MirjanaRanzinger	3	MirjanaRanzinger
MirkoBarničJager	3	MirkoBrničJager
MirkoBarničager	1	MirkoBrničJager
MirkoBrničJager	8	MirkoBrničJager
MirkoStopar	8	MirkoStopar
MirkoŠtular	3	MirkoŠtular
MiroCerar	23	MiroCerar
MiroKrajnc	2	MiroslavKranjc
MiroPetek	10	MiroPetek
MiroslavBenulič	4	MiroslavBenulič
MiroslavCerar	69	MiroslavCerar
MiroslavKranjc	8	MiroslavKranjc
MiroslavPetrovec	2	MiroslavPetrovec
MiroslavaPalhaltinger	1	MiroslavaPalhartinger
MiroslavaPalhantinger	1	MiroslavaPalhartinger
MiroslavaPalhartinger	38	MiroslavaPalhartinger
MiroslavŽaberl	1	MiroslavŽaberl
MithedHuskić	1	MithedHuskić
MitjaBlaganja	2	MitjaBlaganja
MitjaBobnar	4	MitjaBobnar
MitjaBrezovnik	1	MitjaBrezovnik
MitjaFabjan	1	MitjaFabjan
MitjaGlavnik	1	MitjaGlavnik
MitjaGorenjšček	3	MitjaGorenšček
MitjaGorenšček	13	MitjaGorenšček
MitjaJeleničNovak	2	MitjaJeleničNovak
MitjaKranjčan	1	MitjaKranjčan
MitjaMočnik	2	MitjaMočnik
MitjaPodgajski	1	MitjaPodgajski
MitjaPrezelj	2	MitjaPrezelj
MitjaSadek	2	MitjaSadek
MitjaSlavinec	34	MitjaSlavinec
MitjaSvete	1	MitjaSvete
MitjaTerče	2	MitjaTerče
MitjaVilar	3	MitjaVilar
MitjaŠuštar	3	MitjaŠuštar
MladenTerčelj	5	MladenTerčelj
MladenVeršič	4	MladenVeršič
MojcaAvguštin	3	MojcaAvguštin
MojcaBerkovičSimeonov	2	MojcaBerkovičSimeonov
MojcaBertalaničForšek	4	MojcaBertalaničForšek
MojcaBreščak	1	MojcaBreščak
MojcaGobec	6	MojcaGobec
MojcaGolobič	1	MojcaGolobič
MojcaGroznik	1	MojcaGroznik
MojcaGruden	6	MojcaGruden
MojcaIlcKlun	1	MojcaIlcKlun
MojcaJanZoran	2	MojcaJanZoran
MojcaJarc	6	MojcaJarc
MojcaLukšič	1	MojcaLukšič
MojcaMahkota	1	MojcaMahkota
MojcaMajič	8	MojcaMajič
MojcaPečar	4	MojcaPečar
MojcaPečnikTernovšek	1	MojcaPečnikTernovšek
MojcaPirnat	12	MojcaPirnat
MojcaPrelesnik	9	MojcaPrelesnik
MojcaRamšakPetek	1	MojcaRamšakPešec
MojcaRamšakPešec	40	MojcaRamšakPešec
MojcaRamšekPešec	1	MojcaRamšakPešec
MojcaTancarVerboten	1	MojcaTancerVerboten
MojcaTrstenjak	1	MojcaTrstenjak
MojcaVoljč	1	MojcaVoljč
MojcaŠkrinjar	470	MojcaŠkrinjar
MojcaŠrinjar	3	MojcaŠkrinjar
MojcaŠrkinjar	1	MojcaŠkrinjar
MojcaŠtravs	1	MojcaŠtravs
MojcaŽnidarica	1	MojcaŽnidarič
MojcaŽnidarič	479	MojcaŽnidarič
MojcaŽnidaršič	2	MojcaŽnidarič
MojcaŽnidrič	14	MojcaŽnidarič
MojdaŽnidarič	1	MojcaŽnidarič
MomirRadulović	5	MomirRadulović
MonikaAžman	17	MonikaAžman
MonikaFerenčak	1	MonikaFerenčak
MonikaGregorčič	972	MonikaGregorčič
MonikaGregočič	2	MonikaGregorčič
MonikaGregročič	4	MonikaGregorčič
MonikaGreogorčič	1	MonikaGregorčič
MonikaJakše	1	MonikaJakše
MonikaKirbišRojs	6	MonikaKirbišRojs
MonikaPintarMesarič	1	MonikaPintarMesarič
MonikaWeiss	2	MonikaWeiss
MoranJurkovič	3	MoranJurkovič-Dane
MoranJurkovičDane	1	MoranJurkovič-Dane
MorkoKoprivc	1	MarkoKoprivc
MotodaHorvatPrinat	1	MetodaHorvatPrinat
MoškričJanez	2	MoškričJanez
NaceKovač	1	NaceKovač
NadaBrinovšek	27	NadaBrinovšek
NadaDrobnePopović	5	NadaDrobnePopović
NadaDrobnePopovič	6	NadaDrobnePopović
NadjaGötz	2	NadjaGötz
NadjaZalokar	1	NadjaZalokar
NadjaČabal	2	NadjaČobal
NadjaČobal	4	NadjaČobal
NadjaŠinkovecZorko	2	NadjaŠinkovecZorko
NantiOlip	3	NantiOlip
NassimDjaba	1	NassimDjaba
NatalijaGorščak	5	NatalijaGorščak
NatalijaKovačJereb	173	NatalijaKovačJereb
NatalijaNedeljko	7	NatalijaNedeljko
NatalijaRibič	1	NatalijaRibič
NatalijaSpark	1	NatalijaSpark
NatašaBradičŽagar	1	NatašaBrajdičŽagar
NatašaBrajdičŽagar	1	NatašaBrajdičŽagar
NatašaBučar	4	NatašaBučar
NatašaCvetek	1	NatašaCvetek
NatašaDetič	1	NatašaDetič
NatašaDolenc	28	NatašaDolenc
NatašaGoršekMencin	5	NatašaGoršekMencin
NatašaHarej	3	NatašaHarej
NatašaHorvat	2	NatašaHorvat
NatašaKobeLogonder	1	NatašaKobeLogonder
NatašaKocjančič	1	NatašaKocjančič
NatašaKovač	27	NatašaKovač
NatašaMusarMihelič	1	NatašaMusarMišeljić
NatašaMusarMišelijić	2	NatašaMusarMišeljić
NatašaMusarMišelič	1	NatašaMusarMišeljić
NatašaMusarMišeljić	10	NatašaMusarMišeljić
NatašaPosel	1	NatašaPosel
NatašaPotočnik	5	NatašaPotočnik
NatašaSkuič	1	NatašaSukič
NatašaSorko	1	NatašaSorko
NatašaSukić	49	NatašaSukič
NatašaSukič	2088	NatašaSukič
NatašaSukuč	1	NatašaSukič
NatašaVoršič	49	NatašaVoršič
NatašaŠerbec	1	NatašaŠerbec
NatašaŠkrjanc	1	NatašaŠkrjanc
NatašaŠram	1	NatašaŠram
NatašaŠtelcer	1	NatašaŠtelcer
NatšaSukič	1	NatašaSukič
NejaSamarBrenčič	1	NejaSamarBrenčič
NejcJelen	2	NejcJelen
NejcKumar	1	NejcKumar
NejcŠkof	1	NejcŠkof
NenaKopčavarGuček	5	NenaKopčavarGuček
NenadHardiVitorović	1	NenadHardiVitorović
NevenkaKoprivšek	1	NevenkaKoprivšek
NevenkaKus	1	NevenkaKus
NevenkaLekše	4	NevenkaLekše
NevenkaMatelič	1	NevenkaMateličNunčič
NevenkaMateličNunčič	1	NevenkaMateličNunčič
NevenkaMlinar	2	NevenkaMlinar
NevenkaRibič	22	NevenkaRibič
NevenkaVolkRožič	2	NevenkaVolkRožič
NevenkaZavrl	3	NevenkaZavrl
NežaAjdišek	3	NežaAjdišek
NežkaFigelj	2	NežkaFigelj
NikPrebil	471	NikPrebil
NikaKovač	2	NikaKovač
NikaKrajnc	2	NikaKrajnc
NikoErker	6	NikoErker
NikoMiholič	1	NikoMiholič
NikoŠuštarič	2	NikoŠuštarič
NilPrebil	1	NikPrebil
NinaAnaJager	1	NinaAnaJäger
NinaAnaJäger	1	NinaAnaJäger
NinaGregori	1	NinaGregori
NinaKoščak	6	NinaKoščak
NinaKoželj	8	NinaKoželj
NinaMauhler	118	NinaMauhler
NinaMaurovič	133	NinaMaurovič
NinaMilost	3	NinaMilost
NinaMujagić	1	NinaMujagić
NinaNunčič	1	NinaNunčič
NinaPirnat	15	NinaPirnat
NinaRemškar	1	NinaRemškar
NinaSeljak	1	NinaSeljak
NivesPočkar	3	NivesPočkar
NivesVrbičKugonič	1	NivesVrbičKugonič
NuškaGajšek	1	NuškaGajšek
OlgaDrofenik	10	OlgaDrofenik
OliverVlainić	1	OliverVlainić
OliveraMirković	2	OliveraMirković
OmarSmajlović	1	OmarSmajlović
OskarBanBrejc	2	OskarBanBrejc
OskarKomac	21	OskarKomac
OžbaltPodpečan	8	OžbaltPodpečan
OžboltPodpečan	1	OžbaltPodpečan
Papež	1	MarijanPapež
Part	1	unknown-M
PatricijaČular	1	PatriciaČular
PatricijaŠulin	5	PatricijaŠulin
PatrikBole	1	PatrikBole
PavelDemšar	6	PavelDemšar
PavlinkaKorošec-kocmur	1	PavlinkaKorošec-Kocmur
PavlinkaKorošecKocmur	3	PavlinkaKorošec-Kocmur
PeterBaroš	3	PeterBaroš
PeterBožnar	1	PeterBožnar
PeterCerovšek	1	PeterCerovšek
PeterDrum	1	PeterGrum
PeterGašperGašperšič	1	PeterGašperšič
PeterGašperšič	1	PeterGašperšič
PeterGeršak	37	PeterGeršak
PeterGrad	1	PeterGrad
PeterGregorčič	2	PeterGregorčič
PeterGrk	2	PeterGrk
PeterGrum	2	PeterGrum
PeterJambrek	1	PeterJambrek
PeterJančič	2	PeterJančič
PeterJeglič	1	PeterJeglič
PeterJenko	7	PeterJenko
PeterJešovnik	71	PeterJešovnik
PeterJožefČesnik	104	PeterJožefČesnik
PeterKozmus	1	PeterKozmus
PeterKralj	6	PeterKralj
PeterKrečič	1	PeterKrečič
PeterMajcen	2	PeterMajcen
PeterMirt	4	PeterMirt
PeterMisja	6	PeterMisja
PeterPal	1	PeterPal
PeterPavlin	10	PeterPavlin
PeterPeterka	8	PeterPeterka
PeterPišek	2	PeterPišek
PeterPogačar	5	PeterPogačar
PeterPožon	1	PeterPožun
PeterPožun	49	PeterPožun
PeterSkerbiš	2	PeterSkerbiš
PeterSvetina	53	PeterSvetina
PeterVrisk	1	PeterVrisk
PeterWostner	1	PeterWostner
PeterZmagaj	1	PeterZmagaj
PeterZupan	1	PeterZupan
PeterČesnik	1	PeterJožefČesnik
PeterŠajn	7	PeterŠajn
PeterŠtih	1	PeterŠtih
PetraBezjak	2	PetraBezjakCirman
PetraBezjakCirman	6	PetraBezjakCirman
PetraBrus	1	PetraBrus
PetraCuletto	12	PetraCuletto
PetraCulletto	1	PetraCuletto
PetraIstenič	1	PetraIstenič
PetraKoleta	1	PetraKoleta
PetraLesjakTušek	3	PetraLesjakTušek
PetraMajdič	1	PetraMajdič
PetraMaroltVajda	18	PetraMaroltVajda
PetraMeterc	1	PetraMeterc
PetraSvoljšak	2	PetraSvoljšak
PetraŠubernik	1	PetraŠubernik
PiaBrezavšček	1	PiaBrezavšček
PiaVračko	20	PiaVračko
PimožSiter	1	PrimožSiter
Pleškovič	1	BorisPleskovič
PodprdsednicaTinaHeferle	1	TinaHeferle
PodprdsednikMarkoBandelli	1	MarkoBandelli
PodpredragBaković	1	PredragBaković
Podpredsednik_____	1	PredragBaković
Podpredsednik______	1	PredragBaković
PodpresednikAndrejRajh	1	AndrejRajh
PodpresednikJožeLenart	1	JožeLenart
PodredsednikAndrejČernigoj	1	AndrejČernigoj
PolonaFlerin	12	PolonaFlerin
PolonaKovač	3	PolonaKovač
PolonaPetek	1	PolonaPetek
PolonaTorkar	4	PolonaTorkar
PolonaŠolnVrbinc	2	PolonaŠolnVrbinc
PoloncaKenda	1	PoloncaKenda
PoloncaTrudenDobrin	6	PoloncaTrudenDobrin
PoloncaTurdenDobrin	1	PoloncaTrudenDobrin
PolonijaSimon	2	ApolonijaSimon
PomojcaŽnidarič	1	MojcaŽnidarič
PoninaMaurovič	1	NinaMaurovič
PrdsednikBlažPavlin	1	BlažPavlin
PrdsednikMatjažNemec	2	MatjažNemec
PredednicaAnjaBahŽibert	8	AnjaBahŽibert
PredednicaIvaDimic	2	IvaDimic
PredednikIgorPeček	1	IgorPeček
PredesdnikDejanŽidan	2	DejanŽidan
PredesdnikFrancBreznik	1	FrancBreznik
PredesednikIgorZorčič	1	IgorZorčič
PredgragBaković	1	PredragBaković
PredlagBaković	1	PredragBaković
PredradBaković	1	PredragBaković
PredragBaković	804	PredragBaković
PredragBakovič	13	PredragBaković
PredragBarović	1	PredragBaković
PredrakBaković	1	PredragBaković
PreedsednikMarkoPogačnik	2	MarkoPogačnik
PresdednikFrancTrček	1	rancTrček
PresednicaAnjaBahŽibert	3	AnjaBahŽibert
PresednicaIvaDimic	1	IvaDimic
PresednicaMatejaUdovč	2	MatejaUdovč
PresednicaMonikaGregorčič	2	MonikaGregorčič
PresednicaVioletaTomić	5	VioletaTomić
PresednikBojanPodkrajšek	1	BojanPodrajšek
PresednikBojanPodrajšek	7	BojanPodrajšek
PresednikBranislavRajić	1	BranislavRajić
PresednikBrankoGrims	1	BrankoGrims
PresednikEdvardPaulič	1	EdvardPaulič
PresednikFrancBreznik	4	FrancBreznik
PresednikFrancTrček	5	FrancTrček
PresednikIgorPeček	2	IgorPeček
PresednikIgorZorčič	3	IgorZorčič
PresednikIvanHršak	9	IvanHršak
PresednikMatjažNemec	7	MatjažNemec
PresednikRobertPolnar	26	RobertPolnar
PresednikSamoBevk	18	SamoBevk
PresednikVojkoStarović	6	VojkoStarović
PresednikZvonkoČernač	16	ZvonkoČernač
Prevajalka	1	unknown-F
PrimiožSiter	1	PrimožSiter
PrimorSiter	1	PrimožSiter
PrimožDamjanovič	12	PrimožDamjanovič
PrimožDolenc	27	PrimožDolenc
PrimožPinoza	11	PrimožPinoza
PrimožSitar	10	PrimožSiter
PrimožSitec	1	PrimožSiter
PrimožSiter	1092	PrimožSiter
PrimožStrojan	4	PrimožStrojan
PrimožTroppan	1	PrimožTroppan
PrimožTuršič	1	PrimožTuršič
PrimožČernelč	1	PrimožČernelč
PromižSiter	1	PrimožSiter
PrredragBaković	1	PredragBaković
Pušnik	1	IgorPušnik
RadePribaković	1	RadivojePribakovićBrinovec
RadkoKomadina	1	RadkoKomadina
RadkoLuzar	1	RadkoLuzar
RadoBrezovar	3	RadoBrezovar
RadoFele	10	RadoFele
RadoKerč	1	RadoKerč
RadoPezdir	2	RadoPezdir
RafaelKapš	2	RafaelKapš
RafaelKraševec	2	RafaelKraševec
RafaelKrašovec	2	RafaelKraševec
RajkoDjordjević	1	RajkoDjordjevič
RajkoDjordjevič	2	RajkoDjordjevič
RajkoFajt	68	RajkoFajt
RajkoKozmelj	4	RajkoKozmelj
RajkoPuš	1	RajkoPuš
RajkoStanković	5	RajkoStanković
RatkoFajt	1	RajkoFajt
RatkoLuzar	1	RadkoLuzar
RebekaBratošGornik	1	RebekaBratošGornik
RedsednikBrankoGrims	1	BrankoGrims
RenataMartinčič	2	RenataMartinčič
RenataRajapakse	3	RenataRajapakse
RenataZamida	5	RenataZamida
RenataZavršnikMihič	1	RenataZavršnikMihič
RobeertPolnar	1	RobertPolnar
RoberPolnar	4	RobertPolnar
RobertApollonio	3	RobertApollonio
RobertBerginc	3	RobertBerginc
RobertBlatnik	10	RobertBlatnik
RobertBolješič	1	RobertBolješič
RobertBrus	2	RobertBrus
RobertCajhen	1	RobertCajhen
RobertCugelj	23	RobertCugelj
RobertFerenc	3	RobertFerenc
RobertFurman	1	RobertFurman
RobertGlavaš	23	RobertGlavaš
RobertGolob	1	RobertGolob
RobertGolobinek	1	RobertGolobinek
RobertGratton	1	RobertGratton
RobertGrnjak	3	RobertGrnjak
RobertKokalj	1	RobertKokalj
RobertKus	1	RobertKus
RobertMore	1	RobertMore
RobertPavišč	1	RobertPavšič
RobertPavšič	656	RobertPavšič
RobertPerič	1	GregorPerič
RobertPeskar	3	RobertPeskar
RobertPolanar	2	RobertPolnar
RobertPolanr	2	RobertPolnar
RobertPolar	1	RobertPolnar
RobertPoler	1	RobertPolnar
RobertPolnar	5417	RobertPolnar
RobertPonar	1	RobertPolnar
RobertPožonec	1	RobertPožonec
RobertRenier	5	RobertRenier
RobertRežonja	1	RobertRežonja
RobertRožac	35	RobertRožac
RobertRožanc	4	RobertRožac
RobertStrah	1	RobertStrah
RobertTomazin	8	RobertTomazin
RobertVolčanšek	5	RobertVolčanšek
RobertVurušič	1	RobertVurušič
RobertŠtaba	1	RobertŠtaba
RobertŠumi	16	RobertŠumi
RobetGrah	1	RobertGrah
RobetPavšič	1	RobertPavšič
RobetPolnar	2	RobertPolnar
RobiKroflič	1	RobiKroflič
RobretPolnar	1	RobertPolnar
RokBiček	2	RokBiček
RokCvetko	3	RokCvetko
RokJesih	4	RokJesih
RokKonečnik	1	RokKonečnik
RokMarolt	2	RokMarolt
RokNovak	1	RokNovak
RokRavnikar	3	RokRavnikar
RokRoblek	1	RokRoblek
RokRozman	1	RokRozman
RokSedminek	1	RokSedminek
RokVeber	1	RokVeber
RomanFerenčak	4	RomanFerenčak
RomanGruden	15	RomanGruden
RomanKimavec	1	RomanKimavec
RomanKramar	1	RomanKramer
RomanKramer	1	RomanKramer
RomanKuhar	1	RomanKuhar
RomanM.Gruden	3	RomanGruden
RomanPonebšek	1	RomanPonebšek
RomanSavšek	2	RomanSavšek
RomanUrbanč	1	RomanUrbanč
RomanZavršek	1	RomanZavršek
RomanaBošnik	1	RomanaBošnik
RomanaEpih	5	RomanaEpih
RomanaMartinčič	3	RomanaMartinčič
RomanaTomc	7	RomanaTomc
RomanČernjak	1	RomanČernjak
RomanŽveglič	14	RomanŽveglič
RominaKuričKolman	1	RominaKuričKolman
RosvitaSvenšek	2	RosvitaSvenšek
RudiFatur	2	RudiFatur
RudiHorvat	1	RudiHorvat
RudiMedved	425	RudiMedved
RudiMerljak	2	RudiMerljak
RudiPavšič	3	RudiPavšič
RudiVolk	1	RudiVolk
RudiŽveglič	2	RudiŽveglič
SabinaHomjak	1	SabinaHomjak
SabinaKorbar	5	SabinaKorbar
SabinaKorošecZavšek	1	SabinaKorošecZavšek
SabinaLeben	1	SabinaLeben
SabinaSeme	3	SabinaSeme
SabinaSenčar	1	SabinaSenčar
SabinaZalar	4	SabinaZalar
SamerHalil	1	SamerKhalil
SamerKhalil	17	SamerKhalil
SamoBevk	1476	SamoBevk
SamoBvek	1	SamoBevk
SamoFakin	27	SamoFakin
SamoHribar	1	SamoHribarMilič
SamoHribarMilič	5	SamoHribarMilič
SamoJereb	20	SamoJereb
SamoKošir	1	SamoKošir
SamoLampret	8	SamoLampret
SamoMihelin	4	SamoMihelin
SamoRugelj	1	SamoRugelj
SamoStrelec	1	SamoStrelec
SamoVesel	1	SamoVesel
SamoZajc	4	SimonZajc
SamoČervek	13	SamoČervek
SandiViršak	1	SandiViršak
SandiČerin	1	SandiČurin
SandiČurin	46	SandiČurin
SandraBašićHrvatin	1	SandraBašićHrvatin
SanelaTalić	3	SanelaTalić
SanibojKnežak	1	SonibojKnežak
SanjaAjanovićHovnik	1	SanjaAjanovićHovnik
SanjaRanovič	1	SanjaAjanovićHovnik
SaraErjavecTekavec	1	SaraErjavecTekavec
SaraKosirnik	1	SaraKosirnik
SaraMarijaŠirnik	2	SaraMarijaŠirnik
SaraSavnik	1	SaraSavnik
SaraSvatiSharan	1	SaraSvatiSharan
SavinaZwitter	1	SavinaZwitter
SašaArsenović	1	SašaArsenovič
SašaArsenovič	1	SašaArsenovič
SašaBajda	1	SašaBajda
SašaBreceljPodgornik	2	SašaBriceljPodgornik
SašaBricelj	4	SašaBriceljPodgornik
SašaBriceljPodgornik	38	SašaBriceljPodgornik
SašaDragarMilanovič	6	SašaDragarMilanovič
SašaGržinič	2	SašaGržinič
SašaHeath-drugović	2	SašaHeath-Drugovič
SašaHeath-drugovič	5	SašaHeath-Drugovič
SašaHeathDrugovič	2	SašaHeath-Drugovič
SašaJazbec	104	SašaJazbec
SašaPrelič	3	SašaPrelič
SaškaKiaraKumer	2	SaškaKiaraKumer
SaškaKumar	2	SaškaKiaraKumer
SaškaKumer	2	SaškaKiaraKumer
SašoJazbec	1	SašaJazbec
SebastianCavazza	2	SebastijanCavazza
SebastijanValentan	2	SebastijanValentan
SebastijanZupanc	1	SebastijanZupanc
SebastjanCavazza	1	SebastijanCavazza
SebastjanZupan	1	SebastijanZupanc
SenkaŠifkovičVrbica	1	SinkaŠifkovićVrbica
SergijAndrejaš	2	SergijAndrejaš
SibilSvilan	19	SibilSvilan
SigridBerka	2	SigridBerka
SigrigBerka	4	SigridBerka
SilvanPeršolja	2	SilvanPeršolja
SilvijaHajdinjakPrendl	1	SilvijaHajdinjakPrendl
SilvijaZec	1	SilvijaZec
SilvoKontarič	2	SilvoKuntarič
SilvoKuntarič	1	SilvoKuntarič
SilvoZupančič	2	SilvoZupančič
SimeonaRogelj	3	SimeonaRogelj
SimonMarolt	2	SimonMarolt
SimonSavski	1	SimonSavski
SimonSlokan	2	SimonSlokan
SimonStarček	1	SimonStarček
SimonStrgar	3	SimonStrgar
SimonTrussevich	1	SimonTrussevich
SimonZajc	170	SimonZajc
SimonZajec	1	SimonZajc
SimonaBergoč	1	SimonaBergoč
SimonaGerenčer	1	SimonaGerenčerPegan
SimonaGerenčerPegan	2	SimonaGerenčerPegan
SimonaKustec	12	SimonaKustecLipicer
SimonaKustecLipicer	7	SimonaKustecLipicer
SimonaKusterLipicer	1	SimonaKustecLipicer
SimonaLeskovar	14	SimonaLeskovar
SimonaMuhič	3	SimonaMuhič
SimonaPerčič	2	SimonaPerčič
SimonaPoljanšek	6	SimonaPoljanšek
SimonaReparBornšek	23	SimonaReparBornšek
SimonaReparPirnat	1	SimonaReparBornšek
SimonaVodopivec	1	SimonaVodopivec
SimonaVrevc	2	SimonaVrevc
SimonaZagorc	5	SimonaZagorc
SimonovičBranko	1	BrankoSimonovič
SinkaŠifkovićVrbica	1	SenkaŠifkovičVrbica
SladjanaJelisavčić	3	SladjanaJelisavčić
SladjanaJelisavčič	1	SladjanaJelisavčić
SladjanaJesić	1	SladjanaJešić
SladjanaJešić	176	SladjanaJešić
SladjanaJešič	3	SladjanaJešić
SladjaniJešić	1	SladjanaJešić
SlavicaMencingar	1	SlavicaMencingar
SlavicaMencinger	3	SlavicaMencingar
SlavkaSnedec	2	SlavkaSnedec
SlavkoGabrovšek	2	SlavkoGabrovšek
SlavkoKoroš	1	SlavkoKoroš
SlavkoKrištofelc	4	SlavkoKrištofelc
SlavkoPregl	1	SlavkoPregl
SlavkoTrivković	2	SlavkoTrivković
SlavkoŠega	3	SlavkoŠega
SlađanaJešić	7	SladjanaJešić
SlađjanaJešić	1	SladjanaJešić
SmiljanaKnez	4	SmiljanaKnez
SonajBienKarlovšek	1	SonjaBienKarlovšek
SonibojKenžak	1	SonibojKnežak
SonibojKnežak	240	SonibojKnežak
SonjaBeinKarlovšek	2	SonjaBienKarlovšek
SonjaBienKarlovšek	101	SonjaBienKarlovšek
SonjaBienKralovšek	1	SonjaBienKarlovšek
SonjaKralj	1	SonjaKralj
SonjaProsenc	2	SonjaProsenc
SonjaTomšič	1	SonjaTomšič
SonjaŠmuc	1	SonjaŠmuc
SpomenkaValušnik	19	SpomenkaValušnik
SrečkoMlačnik	1	SrečkoMlačnik
SrečkoOcvirk	3	SrečkoOcvirk
SrečkoĐurov	9	SrečkoĐurov
SrečkoŠestan	9	SrečkoŠestan
SrečkoŽerjav	1	SrečkoŽerjav
StaneBaloh	3	StankoBaluh
StaneBaluh	16	StankoBaluh
StaneMerše	1	StaneMerše
StanislavPejovnik	2	StanislavPejovnik
StanislavRaščan	26	StanislavRaščan
StanislavVrečar	10	StanislavVrečar
StanislavaZadravec	1	StanislavaZadravecCaprirolo
StanislavaZadravecCaprirolo	4	StanislavaZadravecCaprirolo
StankaPreskar	4	StankaPreskar
StankaPresker	1	StankaPreskar
StankoBaloh	2	StankoBaluh
StankoBaluh	23	StankoBaluh
StankoŠtrajn	1	StankoŠtrajn
Stančič	1	ZoranStančič
StašRavter	1	StašRavter
StašaJovanović	1	StašaJovanović
StefaniaBeretta	2	StefaniaBeretta
StjepanMikec	1	StjepanMikec
StojanTrampte	1	StojanTramte
StojanTramte	58	StojanTramte
StojanŠčuka	1	StojanŠčuka
SumrakĐurđica	1	SumrakĐurđica
SusanneWeitlaner	3	SusanneWeitlaner
SuzanaGalič	1	SuzanaGalič
SuzanaJarc	1	SuzanaJarc
SuzanaKavaš	1	SuzanaKavaš
SuzanaKranjc	2	SuzanaKranjc
SuzanaLepŠimenko	31	SuzanaLepŠimenko
SuzanaTratnik	1	SuzanaTratnik
Sušnik	1	BarbaraSušnik
SvojkoStarović	1	VojkoStarović
TadejAvčin	2	TadejAvčin
TadejBattelino	1	TadejBattelino
TadejBeočanin	1	TadejBeočanin
TadejBevčan	1	TadejBevčan
TadejBojnec	1	TadejBojnec
TadejKern	1	TadejKern
TadejMeserko	7	TadejMeserko
TadejaGlavica	1	TadejaGlavica
TadejaSavnik	5	TadejaSavnik
TadejaŠuštar	74	TadejaŠuštarZalar
TadejaŠuštarZalar	21	TadejaŠuštarZalar
TadejaŠušter	1	TadejaŠuštarZalar
TajZavodnik	6	TajZavodnik
TajaSteblovnik	4	TajaSteblovnik
TajdaLogar	1	TajdaLogar
TamaraGregorčič	10	TamaraGregorčič
TamaraKolarič	1	TamaraKolarič
TamaraLahTurnšek	1	TamaraLahTurnšek
TamaraPeklarKorošec	1	TamaraPeklarKorošec
TamaraStaričPetrović	1	TamaraStaričPetrović
TamaraVonta	11	TamaraVonta
TanjaBolte	2	TanjaBolte
TanjaDular	1	TanjaDular
TanjaFajon	9	TanjaFajon
TanjaKerševanSmokcina	1	TanjaKerševanSmokvina
TanjaKerševanSmokvin	1	TanjaKerševanSmokvina
TanjaKerševanSmokvina	15	TanjaKerševanSmokvina
TanjaKrševan	1	TanjaKerševanSmokvina
TanjaLavrenčič	1	TanjaLavrenčič
TanjaMarušič	4	TanjaMarušič
TanjaMate	5	TanjaMate
TanjaMatjaševič	8	TanjaMatjaševič
TanjaMuha	26	TanjaMuha
TanjaOberski	1	TanjaOberski
TanjaOtrin	2	TanjaOtrin
TanjaStrniša	76	TanjaStrniša
TanjaTravnikar	4	TanjaTravnikar
TanjaŠpanić	1	TanjaŠpanić
TarikŽigon	1	TarikŽigon
TatjanaAdamič	1	TatjanaAdamič
TatjanaBobnar	37	TatjanaBobnar
TatjanaEberlincJurkas	1	TatjanaEberlincJurkas
TatjanaFrelih	3	TatjanaFrelih
TatjanaJevševar	1	TatjanaJevševar
TatjanaLejkoZupanc	1	TatjanaLejkoZupanc
TatjanaLikar	1	TatjanaLikar
TatjanaMarn	1	TatjanaMarn
TatjanaMlakar	11	TatjanaMlakar
TatjanaRojc	6	TatjanaRojc
TatjanaZagorc	2	TatjanaZagorc
TeaJarc	2	TeaJarc
TejaBevc	1	TejaBevc
TejaKorbar	1	TejaKorbar
TeodorŽepič	2	TeodorŽepič
TerezaNovak	1	TerezaNovak
TilenBasle	1	TilenBasle
TilenBožič	110	TilenBožič
TimHorvat	1	TimHorvat
TimOsmak	1	TimOsmak
TinaBergant	2	TinaBregant
TinaBrecelj	10	TinaBrecelj
TinaBregant	51	TinaBregant
TinaGerbec	6	TinaGerbec
TinaHeferle	580	TinaHeferle
TinaHefrle	11	TinaHeferle
TinaHumar	2	TinaHumar
TinaJamšek	3	TinaJamšek
TinaSršen	4	TinaSršen
TitAlbreht	2	TitAlbreht
TjašaDoljak	1	TjašaDoljak
TjašaKozole	2	TjašaKozole
TjašaPogačar	1	TjašaPogačar
TjašaPoreber	1	TjašaPoreber
TjašaŠkreblin	1	TjašaŠkreblin
TjašaŽoharČretnik	1	TjašaŽoharČretnik
TomZalaznik	2	TomZalaznik
Toman	1	VojkoToman
TomažBoh	9	TomažBoh
TomažBole	1	TomažBole
TomažBoltin	2	TomažBoltin
TomažCunda	1	TomažCunder
TomažCunder	2	TomažCunder
TomažGantar	28	TomažGantar
TomažGorec	2	TomažGorec
TomažGorenc	1	TomažGorenc
TomažHorvat	24	TomažHorvat
TomažKlemenc	3	TomažKlemenc
TomažKoren	3	TomažKoren
TomažKošak	3	TomažKošak
TomažKraškovic	3	TomažKraškovic
TomažKrištof	2	TomažKrištof
TomažKukovica	3	TomažKukovica
TomažKučič	1	TomažKučič
TomažLisec	126	TomažLisec
TomažOgrin	12	TomažOgrin
TomažPavček	1	TomažPavček
TomažPerše	4	TomažPerše
TomažPetek	11	TomažPetek
TomažPečjak	19	TomažPečjak
TomažPliberšek	79	TomažPliberšek
TomažProhinar	1	TomažProhinar
TomažRepinc	1	TomažRepinc
TomažRode	2	TomažRode
TomažVesel	31	TomažVesel
TomažVidic	10	TomažVidic
TomažVrček	1	TomažVrček
TomažWillempart	1	TomažWillenpart
TomažWillenpart	14	TomažWillenpart
TomažWraber	3	TomažWraber
TomažZwitter	1	TomažZwitter
TomažČop	1	TomažČop
TomažŠtoka	1	TomažŠtoka
TomiRumpf	11	TomiRumpf
TomislavPanenić	12	TomislavPanenić
TomislavTkalec	1	TomislavTkalec
TomislavŠpilak	1	TomislavŠpilak
TomžaVidic	1	TomažVidic
ToneDolčič	5	ToneDolčič
ToneKajzer	34	ToneKajzer
ToneKrkovič	2	ToneKrkovič
ToneKvasič	2	ToneKvasič
TonePetrič	2	TonePetrič
ToneSlak	2	ToneSlak
ToneČesen	1	ToneČesen
ToniBalažič	2	ToniBalažič
ToniKoršič	1	ToniKoršič
ToniRumpf	1	TomiRumpf
TonjaJerele	2	TonjaJerele
TonyLenko	2	TonyLenko
TrancTrček	1	FrancTrček
Trček	1	FrancTrček
TugomirKodelja	63	TugomirKodelja
TugomirMajdak	3	TugomirMajdak
UrbanKorenjak	1	UrbanKorenjak
UrbanKrajcar	16	UrbanKrajcar
UrbanKrajcer	7	UrbanKrajcar
UrhGrošelj	2	UrhGrošelj
UrošBrežan	2	UrošBrežan
UrošDurn	2	UrošDurn
UrošKorenčan	2	UrošKorenčan
UrošKorošec	3	UrošKorošec
UrošKrek	1	UrošKrek
UrošKrižanec	1	UrošKrižanec
UrošLampert	2	UrošLampret
UrošLampret	113	UrošLampret
UrošMacerl	2	UrošMacerl
UrošNovak	3	UrošNovak
UrošPaternus	1	UrošPaternus
UrošRustja	1	UrošRustja
UrošSvete	1	UrošSvete
UrošUrbanija	42	UrošUrbanija
UrošŠtuhec	7	UrošŠtuhec
UrsulaVonDerLeyen	1	UrsulaVonDerLeyen
UršaAličKolen	1	UršaAličKolen
UršaGorenc	2	UršaGorenc
UršaMenart	2	UršaMenart
UršaRegvar	3	UršaRegvar
UršaŽidan	1	UršaŽidan
UrškaAhlinGanziti	2	UrškaAhlinGanziti
UrškaBan	19	UrškaBan
UrškaCvelbar	7	UrškaCvelbar
UrškaErklavec	1	UrškaErklavec
UrškaJež	2	UrškaJež
UrškaJurman	2	UrškaJurman
UrškaKorošec	3	UrškaKorošec
UrškaLušina	1	UrškaLušina
UrškaSrnec	1	UrškaSrnec
UršulaCetinski	6	UršulaCetinski
UršulaMenihDokl	7	UršulaMenihDokl
UršulaZoreTavčar	23	UršulaZoreTavčar
ValentinHajdinak	1	ValentinHajdinjak
ValentinHajdinjak	2	ValentinHajdinjak
ValentinInzko	1	ValentinInzko
ValentinSchein	1	ValentinSchein
ValentinSima	3	ValentinSima
Valentina-AnamarijaMarolt	1	ValentinaAnamarijaMarolt
ValentinaAnamarijaMarlot	1	ValentinaAnamarijaMarolt
ValentinaAnamarijaMarolt	15	ValentinaAnamarijaMarolt
ValentinaMarolt	30	ValentinaAnamarijaMarolt
ValentinaVehovar	9	ValentinaVehovar
ValerijaKunštek	5	ValerijaKunštek
ValerijaLekićPoljšak	1	ValerijaLekićPoljšak
ValterBandelj	1	WalterBandelj
ValterMlekuš	1	ValterMlekuž
VanessaGrmek	3	VanessaGrmek
VarjaMočnik	1	VarjaMočnik
VaskoSimonit	1	VaskoSimoniti
VaskoSimoniti	138	VaskoSimoniti
VeraKržišnikBukić	2	VeraKržišnik-Bukić
VeraMarkoja	2	VeraMarkoja
VeraPečnik	1	VeraPečnik
Vesel	1	ManuelVesel
VesnaFabjan	2	VesnaFabjan
VesnaKalčič	2	VesnaKalčič
VesnaMarinko	3	VesnaMarinko
VesnaNahtigal	1	VesnaNahtigal
VesnaZadnik	2	VesnaZadnik
VidaTörnarJudit	3	JuditVidaTörnar
ViktorVračar	1	ViktorVračar
ViktorijaTomič	7	ViktorijaTomič
ViktorŠvigelj	1	ViktorŠvigelj
ViliKavčič	1	ViliKovačič
ViliKovačič	14	ViliKovačič
ViliMatula	1	ViliMatula
ViljemKovač	1	ViljemKovač
VilkoKolbl	1	VilkoKolbl
VinkoFilipič	12	VinkoFilipič
VinkoGorenak	4	VinkoGorenak
VinkoLogaj	7	VinkoLogaj
VioletaBulc	18	VioletaBulc
VioletaNeubaurer	1	VioletaNeubauer
VioletaTomić	2810	VioletaTomić
VioletaTomič	25	VioletaTomić
VioletaTomoć	3	VioletaTomić
ViolitaTomić	1	VioletaTomić
VitaHabjanBarborič	1	VitaHabjanBarborič
VittoriaAlliataDiVillafranca	1	VittoriaAlliataDiVillafranca
VladimirHorvat	32	VladimirHorvat
VladimirIlić	1	VladimirIlić
VladimirKukavica	3	VladimirKukavica
VladimirLazić	2	VladimirLazić
VladimirPrebilič	4	VladimirPrebilič
VladimiraTomšič	1	VladimiraTomšič
VladimirČeligoj	6	VladimirČeligoj
VladimirŠega	5	VladimirŠega
VladislavRožič	4	VladislavRožič
VladmirHorvat	1	VladimirHorvat
VladoBradač	1	LadoBradač
VladoKorber	1	VladoKorber
VladoKrajcar	2	VladoKrajcar
VladoŠega	1	VladoŠega
VlastaNussdorfer	36	VlastaNussdorfer
VlastaNüssdorfer	1	VlastaNussdorfer
VlastaVičič	1	VlastaVičič
VodjaTinaHeferle	6	TinaHeferle
VojeIgnac	1	IgnacijVoje
VojkoStarocić	1	VojkoStarović
VojkoStarović	1783	VojkoStarović
VojkoStarovič	8	VojkoStarović
VojkoStarovoić	1	VojkoStarović
VojkoStopar	5	VojkoStopar
VojkoToman	4	VojkoToman
VojkoUrbas	4	VojkoUrbas
Vrbos	1	ŽeljkoVrbo
WalterBandelj	11	WalterBandelj
ZalaDobovšek	1	ZalaDobovšek
ZdenkaMrak	2	ZdenkaMrak
ZdenkaČebašekTravnik	17	ZdenkaČebašekTravnik
ZdenkoLorber	4	ZdenkoLorber
ZdravkaVasiljevićRudonić	1	ZdravkaVasiljevićRudonić
ZdravkoKafol	1	ZdravkoKafol
ZdravkoKačič	3	ZdravkoKačič
ZdravkoMele	2	ZdravkoMele
ZdravkoPilipović	2	ZdravkoPilipovič
ZdravkoPilipovič	1	ZdravkoPilipovič
ZdravkoPočivalšek	17	ZdravkoPočivalšek
ZlatanFicko	6	ZlatkoFicko
ZlatanČordićZlatko	1	ZlatanČordićZlatko
ZlataŠtiblarKisić	3	ZlataŠtiblarKisić
ZlatkoAjd	1	ZlatkoAjd
ZlatkoFicko	9	ZlatkoFicko
ZlatkoRataj	3	ZlatkoRatej
ZlatkoRate	1	ZlatkoRatej
ZlatkoRatej	58	ZlatkoRatej
ZmagoJeliničičPlemeniti	1	ZmagoJelinčičPlemeniti
ZmagoJelinčič	1	ZmagoJelinčičPlemeniti
ZmagoJelinčičPlemenisti	1	ZmagoJelinčičPlemeniti
ZmagoJelinčičPlemeniti	439	ZmagoJelinčičPlemeniti
ZmagoJelinčičPlementiti	6	ZmagoJelinčičPlemeniti
ZmagoJelinčičPlmeneniti	1	ZmagoJelinčičPlemeniti
ZmagoJelinčičiPlemeniti	1	ZmagoJelinčičPlemeniti
ZmagoJeličničPlemeniti	3	ZmagoJelinčičPlemeniti
ZmagoJeličničPlementiti	1	ZmagoJelinčičPlemeniti
ZmagoJeličnčičPlemeniti	2	ZmagoJelinčičPlemeniti
ZnovkoČernač	1	ZvonkoČernač
ZoranJanković	16	ZoranJanković
ZoranJankovič	2	ZoranJanković
ZoranMladenović	1	ZoranMladenovič
ZoranMladenovič	8	ZoranMladenovič
ZoranPoznič	50	ZoranPoznič
ZoranRemic	2	ZoranRemic
ZoranSkubic	1	ZoranSkubic
ZoranStančič	32	ZoranStančič
ZsuzsannaBači	1	ZsuzsannaBači
ZvezdanPirtošek	1	ZvezdanPirtošek
ZvnokoČernač	1	ZvonkoČernač
ZvoneČernač	3	ZvonkoČernač
ZvoneŽigon	2	ZvoneŽigon
ZvonkkoČernač	1	ZvonkoČernač
ZvonkoBaklan	1	ZvonkoBaklan
ZvonkoGolobič	3	ZvonkoGolobič
ZvonkoZavasnik	2	ZvonkoZavasnik
ZvonkoČernač	1916	ZvonkoČernač
ZvonskoČernač	1	ZvonkoČernač
ZvovkoČernač	1	ZvonkoČernač
____	1	PredragBaković
_____	1	PredragBaković
________	2	PredragBaković
unknown-F	162	unknown-F
unknown-M	293	unknown-M
Čačić	1	RadimirČačić
ČedoVelašević	2	ČedoVelašević
ČrtomirRemec	3	ČrtomirRemec
ČrtomirTavzes	2	ČrtomirTavzes
ŠimeIvanjko	1	ŠimeIvanjko
ŠirceljAndrej	2	ŠirceljAndrej
ŠpelaBatis	2	ŠpelaBatis
ŠpelaBerlot	1	ŠpelaBerlot
ŠpelaGuštinMaček	2	ŠpelaMačekGuštin
ŠpelaHorjak	1	ŠpelaHorjak
ŠpelaIsop	2	ŠpelaIsop
ŠpelaJakopič	1	ŠpelaJakopič
ŠpelaKelih	1	ŠpelaKelih
ŠpelaMačekGustin	1	ŠpelaMačekGuštin
ŠpelaMačekGuštin	50	ŠpelaMačekGuštin
ŠpelaNardoniKovač	2	ŠpelaNardoniKovač
ŠpelaPerme	5	ŠpelaPerme
ŠpelaRotar	2	ŠpelaRotar
ŠpelaStare	4	ŠpelaStare
ŠpelaZupan	1	ŠpelaZupan
ŠpelaČadež	2	ŠpelaČadež
ŠpelaŠuštaršič	1	ŠpelaŠuštaršič
ŠtefanGrosek	1	ŠtefanGrosek
ŠtefanKušar	3	ŠtefanKušar
ŠtefanijaZlobec	1	ŠtefanijaZlobec
ŠtefanČelan	4	ŠtefanČelan
ŽanMahnič	256	ŽanMahnič
Željk0Cigler	1	ŽeljkoCigler
ŽeljkoCiger	1	ŽeljkoCigler
ŽeljkoCiglar	1	ŽeljkoCigler
ŽeljkoCigler	541	ŽeljkoCigler
ŽeljkoKralj	9	ŽeljkoKralj
ŽeljkoVrbos	1	ŽeljkoVrbos
ŽenjaLeiler	1	ŽenjaLeiler
ŽigaNovak	1	ŽigaNovak
ŽigaTurk	2	ŽigaTurk
ŽigaVrtačič	1	ŽigaVrtačič
ŽigaZaplotnik	4	ŽigaZaplotnik
Žigon	1	ZvoneŽigon
ŽivaBrecelj	1	TinaBrecelj
ŽižaFelice	1	FeliceŽiža
